customer_id,first_name,last_name,email,city,country,signup_date,segment,lifetime_value
CUST-0D40C85A,Rahul,Singh,user3757@email.com,Bangalore,India,2021-07-29,Regular,147.52
CUST-E0086EED,Rohan,Reddy,user7012@email.com,Mumbai,India,2021-03-03,Regular,1795.14
CUST-45A04A03,Tanya,Sharma,user9295@email.com,Hyderabad,India,2024-01-22,Premium,1546.97
CUST-74D0BED5,Rahul,Chopra,user206@email.com,Bangalore,India,2023-05-16,Regular,953.5
CUST-412B9C03,Karan,Verma,user1619@email.com,Kolkata,India,2021-07-18,Regular,395.41
CUST-67469594,Rahul,Chopra,user811@email.com,Ahmedabad,India,2024-01-04,Regular,753.52
CUST-5EFB64C3,Rohan,Nair,user4903@email.com,Surat,India,2023-01-11,Premium,4650.33
CUST-87FF77DA,Priya,Iyer,user3833@email.com,Chennai,India,2021-06-13,Regular,1438.69
CUST-42F4EB75,Amit,Kumar,user7528@email.com,Pune,India,2021-11-30,At-Risk,439.92
CUST-A56D54BF,Rahul,Das,user1269@email.com,Surat,India,2021-12-17,Regular,498.06
CUST-CC370973,Sanjay,Mehta,user4522@email.com,Jaipur,India,2022-03-26,Regular,565.14
CUST-C60D0C30,Priya,Singh,user625@email.com,Pune,India,2023-04-02,Regular,1701.42
CUST-A35384D9,Manish,Das,user5255@email.com,Hyderabad,India,2023-10-20,Regular,500.87
CUST-31B9C837,Sanjay,Patel,user4439@email.com,Bangalore,India,2022-05-21,Regular,1837.64
CUST-0371CE4A,Manish,Mehta,user9660@email.com,Kolkata,India,2023-01-12,Regular,1124.06
CUST-0D147911,Suresh,Joshi,user1589@email.com,Mumbai,India,2021-08-13,Regular,1995.32
CUST-6354CD9F,Riya,Reddy,user1140@email.com,Kolkata,India,2023-02-21,Premium,1219.92
CUST-B40AE615,Rahul,Nair,user288@email.com,Delhi,India,2024-01-05,Regular,989.29
CUST-1A417357,Karan,Verma,user4908@email.com,Kolkata,India,2021-11-20,Regular,1560.34
CUST-3529C9BB,Rahul,Nair,user3027@email.com,Jaipur,India,2021-08-06,Regular,1912.25
CUST-70AADADD,Suresh,Reddy,user3358@email.com,Bangalore,India,2023-02-05,At-Risk,184.3
CUST-D4F3448A,Suresh,Sharma,user9913@email.com,Pune,India,2023-09-28,Regular,1124.82
CUST-33186585,Pooja,Singh,user1049@email.com,Hyderabad,India,2024-03-07,Premium,4680.94
CUST-85C71857,Meera,Banerjee,user1233@email.com,Jaipur,India,2021-09-15,At-Risk,88.54
CUST-A2F542FF,Kavya,Patel,user4442@email.com,Jaipur,India,2024-05-27,Premium,2638.77
CUST-C838AFFE,Kavya,Chopra,user3395@email.com,Chennai,India,2023-03-29,Regular,502.42
CUST-0ADB45D4,Sanjay,Nair,user7497@email.com,Delhi,India,2022-05-23,At-Risk,342.45
CUST-37FA9BFF,Manish,Nair,user3870@email.com,Surat,India,2022-03-28,Regular,742.36
CUST-0299D180,Priya,Singh,user1204@email.com,Mumbai,India,2022-11-08,Premium,3685.28
CUST-838A7229,Meera,Singh,user8934@email.com,Bangalore,India,2024-03-15,Premium,1571.02
CUST-1547474C,Meera,Chopra,user6769@email.com,Hyderabad,India,2021-07-13,Regular,561.69
CUST-5A3A680D,Riya,Mehta,user7751@email.com,Mumbai,India,2021-07-21,Premium,2439.73
CUST-7212DDAD,Sneha,Singh,user3239@email.com,Hyderabad,India,2024-01-04,Premium,3776.96
CUST-458DCACD,Rahul,Joshi,user4192@email.com,Delhi,India,2023-06-27,Regular,901.58
CUST-9133F801,Sneha,Sharma,user8956@email.com,Mumbai,India,2021-07-11,At-Risk,435.19
CUST-6FC543B1,Neha,Mehta,user8056@email.com,Ahmedabad,India,2022-03-14,At-Risk,431.91
CUST-C20FD74D,Neha,Mehta,user135@email.com,Kolkata,India,2022-06-28,At-Risk,456.1
CUST-9CF6F0F8,Pooja,Mehta,user9205@email.com,Ahmedabad,India,2021-11-14,At-Risk,403.31
CUST-48A17AF8,Priya,Reddy,user8983@email.com,Mumbai,India,2022-10-05,Premium,1479.65
CUST-63AFE8B9,Suresh,Banerjee,user8801@email.com,Bangalore,India,2021-04-27,Premium,3128.8
CUST-F92D3F4C,Neha,Verma,user9849@email.com,Delhi,India,2022-04-27,At-Risk,86.05
CUST-DD3E4229,Manish,Singh,user9585@email.com,Surat,India,2021-03-23,Regular,1889.03
CUST-E523465B,Manish,Reddy,user8665@email.com,Pune,India,2022-06-19,Regular,896.53
CUST-9B7F4C67,Ananya,Kumar,user6584@email.com,Bangalore,India,2022-09-07,Regular,1460.76
CUST-38FEB040,Rohan,Sharma,user7608@email.com,Surat,India,2024-02-28,Regular,1865.13
CUST-F416CEC6,Vikram,Nair,user4445@email.com,Bangalore,India,2022-12-16,At-Risk,82.97
CUST-E2EBEF6A,Divya,Kumar,user2684@email.com,Ahmedabad,India,2024-01-18,At-Risk,445.67
CUST-C50666D5,Suresh,Sharma,user9186@email.com,Chennai,India,2021-08-01,Regular,1262.19
CUST-80E21C8B,Sneha,Verma,user9164@email.com,Bangalore,India,2022-07-12,At-Risk,110.43
CUST-78B27A90,Karan,Singh,user4425@email.com,Jaipur,India,2023-09-28,Regular,500.2
CUST-7F2AFB08,Priya,Verma,user7039@email.com,Chennai,India,2021-04-01,Regular,1825.5
CUST-3020A8C9,Rahul,Patel,user7339@email.com,Jaipur,India,2023-05-26,Premium,3970.04
CUST-6BCEEFA7,Arjun,Nair,user690@email.com,Pune,India,2024-04-07,Regular,312.56
CUST-B074C517,Priya,Kumar,user6074@email.com,Mumbai,India,2023-01-03,Regular,916.59
CUST-E2080DB5,Sneha,Gupta,user9273@email.com,Kolkata,India,2024-06-25,Regular,574.11
CUST-D5DD182F,Ananya,Banerjee,user2762@email.com,Bangalore,India,2023-04-25,Regular,1858.95
CUST-51F8657D,Karan,Chopra,user6845@email.com,Hyderabad,India,2022-07-01,Premium,3814.54
CUST-C8CC57BD,Amit,Banerjee,user734@email.com,Ahmedabad,India,2022-04-01,Premium,3655.75
CUST-DA0E116D,Divya,Kumar,user3828@email.com,Hyderabad,India,2021-02-18,Premium,4633.03
CUST-82072AC3,Rahul,Banerjee,user1237@email.com,Chennai,India,2022-12-21,Regular,857.09
CUST-52C32273,Kavya,Gupta,user552@email.com,Delhi,India,2022-06-19,Regular,859.39
CUST-DFD75988,Rahul,Sharma,user1876@email.com,Surat,India,2023-06-09,Premium,4831.4
CUST-CC99A501,Riya,Reddy,user8479@email.com,Delhi,India,2023-02-28,Regular,1594.21
CUST-AC8C4B83,Priya,Das,user7244@email.com,Mumbai,India,2023-12-01,At-Risk,135.54
CUST-F51C236B,Vikram,Gupta,user7166@email.com,Delhi,India,2022-11-08,At-Risk,292.3
CUST-72D241B0,Sneha,Das,user5020@email.com,Jaipur,India,2022-09-26,Regular,1360.44
CUST-212175F7,Pooja,Nair,user2185@email.com,Hyderabad,India,2023-05-12,Regular,719.75
CUST-92A4A8EB,Neha,Reddy,user9424@email.com,Chennai,India,2023-04-12,Regular,820.38
CUST-FB50AA4B,Pooja,Singh,user7143@email.com,Surat,India,2024-05-27,Regular,100.77
CUST-9820D3EA,Sanjay,Iyer,user3601@email.com,Jaipur,India,2023-08-28,Regular,983.48
CUST-1599EF6E,Neha,Iyer,user1489@email.com,Chennai,India,2023-11-22,Regular,1923.68
CUST-00A64FF6,Rohan,Banerjee,user3948@email.com,Chennai,India,2022-04-06,Regular,1276.6
CUST-4FFE965F,Priya,Singh,user7884@email.com,Surat,India,2021-05-30,At-Risk,116.31
CUST-D5A81739,Manish,Singh,user6391@email.com,Ahmedabad,India,2023-03-30,Regular,1783.66
CUST-9A4AA13E,Aditya,Chopra,user1846@email.com,Kolkata,India,2022-03-25,Regular,1346.51
CUST-D297F7AF,Suresh,Joshi,user922@email.com,Jaipur,India,2022-05-26,Premium,4810.85
CUST-CB802C4F,Arjun,Chopra,user7712@email.com,Jaipur,India,2024-02-19,At-Risk,104.61
CUST-71ACE83A,Sanjay,Reddy,user8370@email.com,Kolkata,India,2024-01-28,Regular,1905.08
CUST-F0F49598,Meera,Joshi,user4346@email.com,Hyderabad,India,2022-07-22,Regular,402.4
CUST-7AA1330B,Ananya,Kumar,user7306@email.com,Delhi,India,2022-08-09,Regular,1090.47
CUST-6728CDB7,Kavya,Verma,user2367@email.com,Bangalore,India,2022-04-19,Regular,738.11
CUST-3D9FD030,Vikram,Verma,user6897@email.com,Kolkata,India,2022-11-09,Regular,390.33
CUST-F9A7678A,Vikram,Banerjee,user6983@email.com,Kolkata,India,2024-04-11,Regular,889.97
CUST-97A90057,Manish,Mehta,user7914@email.com,Mumbai,India,2022-12-22,At-Risk,58.79
CUST-71713398,Riya,Nair,user9047@email.com,Surat,India,2022-03-28,Regular,840.97
CUST-BB7C4C4F,Meera,Sharma,user6471@email.com,Pune,India,2023-04-09,Regular,618.58
CUST-3449F549,Arjun,Reddy,user8851@email.com,Mumbai,India,2023-03-18,Regular,1696.96
CUST-5DDBF054,Rohan,Iyer,user7122@email.com,Bangalore,India,2023-08-04,Regular,1359.7
CUST-E788F0A0,Karan,Singh,user7549@email.com,Pune,India,2022-11-23,Premium,1670.7
CUST-693B289D,Riya,Kumar,user1441@email.com,Ahmedabad,India,2021-02-09,Regular,820.34
CUST-7EDB390D,Divya,Singh,user1224@email.com,Mumbai,India,2021-03-05,Regular,198.96
CUST-868ADE8A,Aditya,Reddy,user2596@email.com,Hyderabad,India,2021-09-16,At-Risk,139.71
CUST-DA6736B5,Vikram,Joshi,user4298@email.com,Pune,India,2021-12-10,Regular,317.34
CUST-8ECC09F0,Sneha,Chopra,user2783@email.com,Chennai,India,2021-08-10,Regular,1931.1
CUST-D28048C0,Manish,Iyer,user6249@email.com,Kolkata,India,2022-02-11,Regular,1864.89
CUST-00A03953,Ananya,Verma,user5041@email.com,Surat,India,2021-09-05,Premium,3607.76
CUST-73F73EE6,Priya,Gupta,user8828@email.com,Kolkata,India,2023-01-29,Regular,1175.27
CUST-5636E8B6,Aditya,Banerjee,user6982@email.com,Ahmedabad,India,2021-08-05,Premium,3413.94
CUST-9B37460A,Sanjay,Das,user2606@email.com,Kolkata,India,2021-12-27,Regular,788.16
CUST-A70CB981,Rahul,Reddy,user8917@email.com,Ahmedabad,India,2023-08-11,Regular,1934.4
CUST-F90C33D1,Rahul,Gupta,user4122@email.com,Delhi,India,2022-07-26,Regular,1488.95
CUST-A3BC15F1,Sanjay,Reddy,user6309@email.com,Pune,India,2021-02-28,At-Risk,159.74
CUST-E9D1B591,Meera,Singh,user5913@email.com,Chennai,India,2022-11-29,Regular,717.53
CUST-1DDEB338,Rahul,Nair,user266@email.com,Jaipur,India,2022-01-27,Regular,1232.69
CUST-53A1D623,Meera,Nair,user4037@email.com,Ahmedabad,India,2023-10-03,Premium,3740.34
CUST-6D51D533,Pooja,Singh,user6725@email.com,Hyderabad,India,2022-09-20,Regular,132.76
CUST-E43BB839,Kavya,Nair,user5732@email.com,Kolkata,India,2024-02-02,Regular,801.14
CUST-3FF948FC,Rahul,Kumar,user4218@email.com,Hyderabad,India,2021-09-05,Regular,1435.42
CUST-8D17B615,Kavya,Chopra,user3133@email.com,Hyderabad,India,2022-03-20,Regular,699.54
CUST-FE4A92BE,Manish,Chopra,user8695@email.com,Surat,India,2022-08-03,Regular,625.35
CUST-CAC027CF,Pooja,Singh,user6012@email.com,Bangalore,India,2022-09-12,At-Risk,424.68
CUST-F637CE5E,Rahul,Sharma,user993@email.com,Jaipur,India,2022-08-22,Premium,2903.61
CUST-F832D924,Meera,Verma,user300@email.com,Surat,India,2022-08-06,Regular,339.93
CUST-1418A0A2,Neha,Sharma,user4236@email.com,Ahmedabad,India,2021-08-22,Regular,936.89
CUST-4AD22C0C,Rohan,Reddy,user978@email.com,Bangalore,India,2021-11-02,At-Risk,230.32
CUST-5D15A25C,Rohan,Singh,user2040@email.com,Jaipur,India,2023-05-03,At-Risk,477.11
CUST-38C74BFA,Ananya,Chopra,user8661@email.com,Kolkata,India,2023-07-12,Regular,1602.41
CUST-391E1685,Manish,Mehta,user5103@email.com,Surat,India,2024-06-25,At-Risk,183.81
CUST-AA7CE85C,Sneha,Chopra,user3504@email.com,Hyderabad,India,2022-06-26,Premium,4820.49
CUST-E91E2BDB,Neha,Nair,user1329@email.com,Bangalore,India,2021-01-06,Regular,398.41
CUST-9F7250D5,Meera,Kumar,user634@email.com,Hyderabad,India,2022-08-14,Regular,1409.81
CUST-B5C49A57,Sanjay,Verma,user3924@email.com,Chennai,India,2024-04-22,Regular,1435.68
CUST-8701EFC9,Riya,Verma,user9022@email.com,Hyderabad,India,2021-11-02,Regular,1873.97
CUST-28FF33A3,Rohan,Sharma,user2818@email.com,Chennai,India,2024-05-03,At-Risk,421.98
CUST-3DFDA61C,Pooja,Joshi,user2137@email.com,Ahmedabad,India,2022-09-15,Regular,1181.49
CUST-C8E8D38C,Suresh,Nair,user8190@email.com,Ahmedabad,India,2021-06-14,Regular,1891.08
CUST-0C20BB09,Karan,Reddy,user4202@email.com,Mumbai,India,2021-07-07,Regular,1789.9
CUST-E5DF7A95,Manish,Reddy,user439@email.com,Chennai,India,2024-03-26,Regular,1381.17
CUST-E57B9FE0,Meera,Nair,user7345@email.com,Chennai,India,2022-01-07,Premium,3903.21
CUST-39455AAA,Meera,Verma,user7800@email.com,Pune,India,2023-04-17,At-Risk,246.15
CUST-6F337490,Neha,Gupta,user6844@email.com,Ahmedabad,India,2022-08-14,Regular,1373.25
CUST-A3B47964,Kavya,Sharma,user7551@email.com,Delhi,India,2022-10-07,Regular,860.86
CUST-66CCB242,Amit,Banerjee,user8531@email.com,Mumbai,India,2024-01-17,Regular,320.25
CUST-58F251E5,Suresh,Gupta,user8267@email.com,Ahmedabad,India,2021-04-16,Regular,202.99
CUST-08BD49EF,Pooja,Joshi,user8041@email.com,Delhi,India,2021-03-01,Regular,1143.52
CUST-E240B6AF,Ananya,Das,user2694@email.com,Chennai,India,2024-02-03,At-Risk,323.99
CUST-556B1A2C,Ananya,Banerjee,user1958@email.com,Ahmedabad,India,2021-08-29,Premium,2335.96
CUST-140A8881,Pooja,Nair,user4579@email.com,Kolkata,India,2023-09-16,Regular,392.55
CUST-FBC98D3B,Kavya,Patel,user6384@email.com,Hyderabad,India,2024-05-12,At-Risk,159.68
CUST-58505F80,Rohan,Kumar,user6898@email.com,Pune,India,2023-11-06,Regular,1770.72
CUST-8C01EDA4,Pooja,Banerjee,user9716@email.com,Surat,India,2023-09-30,Regular,104.87
CUST-5417B9A7,Meera,Gupta,user5546@email.com,Jaipur,India,2024-01-18,At-Risk,250.95
CUST-4E82A6A2,Vikram,Das,user4012@email.com,Surat,India,2023-02-24,Regular,1872.42
CUST-90B48E41,Priya,Gupta,user7849@email.com,Kolkata,India,2023-03-02,Regular,1573.53
CUST-73A8C853,Arjun,Joshi,user706@email.com,Bangalore,India,2023-10-26,At-Risk,406.58
CUST-D540071F,Sneha,Banerjee,user7313@email.com,Delhi,India,2023-12-14,At-Risk,199.4
CUST-5B1F53D3,Arjun,Mehta,user2629@email.com,Delhi,India,2023-08-20,At-Risk,56.91
CUST-55259643,Tanya,Das,user6612@email.com,Delhi,India,2022-11-04,Regular,603.54
CUST-9A0358BF,Amit,Gupta,user8094@email.com,Jaipur,India,2021-03-15,At-Risk,436.7
CUST-B192AFB4,Pooja,Singh,user1580@email.com,Kolkata,India,2021-07-21,Regular,546.06
CUST-8BE4C9C7,Sneha,Joshi,user2825@email.com,Chennai,India,2021-03-01,Regular,1437.39
CUST-BD96D4A6,Pooja,Gupta,user6241@email.com,Kolkata,India,2021-10-26,Premium,4082.65
CUST-60E03528,Neha,Patel,user2968@email.com,Delhi,India,2024-06-02,Regular,882.9
CUST-D2C85F1F,Ananya,Joshi,user9654@email.com,Bangalore,India,2022-04-21,At-Risk,328.87
CUST-F8244B1E,Rahul,Iyer,user253@email.com,Ahmedabad,India,2022-08-13,Regular,582.56
CUST-43532D2D,Sanjay,Gupta,user9726@email.com,Chennai,India,2023-05-19,Regular,400.15
CUST-0564801A,Pooja,Singh,user6402@email.com,Ahmedabad,India,2021-08-07,Regular,967.99
CUST-DE7B5A47,Manish,Kumar,user4937@email.com,Mumbai,India,2023-03-22,Regular,1186.65
CUST-F8FAA68C,Priya,Reddy,user8238@email.com,Chennai,India,2022-04-17,Regular,1175.27
CUST-99F37B82,Vikram,Reddy,user4206@email.com,Bangalore,India,2021-07-18,Regular,769.41
CUST-05C9EE3A,Pooja,Chopra,user7322@email.com,Mumbai,India,2024-04-01,At-Risk,340.85
CUST-13634CDC,Pooja,Gupta,user6907@email.com,Bangalore,India,2022-02-16,Regular,349.68
CUST-14ECD596,Divya,Nair,user8321@email.com,Chennai,India,2021-12-03,Premium,2927.33
CUST-90D330DE,Meera,Chopra,user4935@email.com,Pune,India,2021-08-24,Regular,1666.91
CUST-8BC7A310,Ananya,Banerjee,user6611@email.com,Jaipur,India,2023-01-20,Regular,243.07
CUST-65E79A70,Rahul,Nair,user2124@email.com,Ahmedabad,India,2023-01-25,Premium,2275.59
CUST-A9A9D366,Manish,Mehta,user6186@email.com,Delhi,India,2022-04-24,Regular,1377.45
CUST-FE6B7CB2,Kavya,Gupta,user3726@email.com,Delhi,India,2023-08-09,Regular,1277.14
CUST-70A90294,Riya,Verma,user2390@email.com,Mumbai,India,2021-03-18,At-Risk,185.99
CUST-12438B01,Sneha,Singh,user8907@email.com,Bangalore,India,2023-03-07,Regular,1035.99
CUST-2F060394,Kavya,Mehta,user9722@email.com,Bangalore,India,2023-04-30,Regular,1373.92
CUST-F007DE79,Tanya,Mehta,user4683@email.com,Mumbai,India,2023-01-29,Regular,1684.02
CUST-049E2655,Ananya,Banerjee,user6042@email.com,Delhi,India,2023-01-23,Regular,944.92
CUST-641A0356,Divya,Sharma,user6623@email.com,Chennai,India,2022-01-24,Regular,1957.9
CUST-55178AEF,Sanjay,Verma,user3575@email.com,Surat,India,2021-02-13,At-Risk,477.05
CUST-9C784288,Arjun,Chopra,user9350@email.com,Hyderabad,India,2021-05-21,Premium,2000.79
CUST-B0874519,Manish,Singh,user3917@email.com,Pune,India,2021-10-30,At-Risk,299.39
CUST-32E45AA6,Rahul,Banerjee,user2470@email.com,Bangalore,India,2024-01-12,Regular,1232.37
CUST-DC74339F,Aditya,Patel,user343@email.com,Pune,India,2022-05-03,Regular,431.54
CUST-1889F4DE,Rahul,Sharma,user2176@email.com,Kolkata,India,2023-12-14,Regular,129.98
CUST-37BA0696,Sanjay,Chopra,user6031@email.com,Jaipur,India,2024-04-30,Premium,786.01
CUST-495737BE,Tanya,Sharma,user8643@email.com,Chennai,India,2023-07-28,Premium,2767.27
CUST-F2283C2B,Meera,Banerjee,user6680@email.com,Kolkata,India,2021-08-10,Regular,159.19
CUST-FC30449B,Rohan,Verma,user5377@email.com,Surat,India,2021-10-31,Regular,1828.43
CUST-EB5F1350,Manish,Nair,user5427@email.com,Kolkata,India,2024-05-08,Premium,1737.57
CUST-8FEA6987,Tanya,Mehta,user1724@email.com,Delhi,India,2024-02-04,Regular,962.06
CUST-C02A540D,Sanjay,Singh,user6879@email.com,Pune,India,2023-07-18,Regular,508.54
CUST-EADD3A33,Karan,Mehta,user5220@email.com,Chennai,India,2023-02-06,Regular,1486.26
CUST-57FD4798,Meera,Verma,user1594@email.com,Delhi,India,2021-07-10,At-Risk,359.07
CUST-6BFE99E9,Divya,Chopra,user2231@email.com,Jaipur,India,2021-05-03,Regular,1514.72
CUST-568656F5,Karan,Iyer,user2102@email.com,Kolkata,India,2022-12-26,Regular,1167.01
CUST-36A794A2,Riya,Banerjee,user942@email.com,Chennai,India,2024-05-14,At-Risk,473.51
CUST-BB4C8366,Suresh,Singh,user2635@email.com,Ahmedabad,India,2022-04-05,Regular,296.84
CUST-B1E36108,Kavya,Gupta,user1982@email.com,Chennai,India,2024-03-21,At-Risk,207.55
CUST-1E2FBEB8,Kavya,Chopra,user9221@email.com,Mumbai,India,2024-06-01,Regular,915.31
CUST-343A463E,Rahul,Sharma,user3055@email.com,Chennai,India,2022-09-25,At-Risk,423.26
CUST-3480943B,Neha,Banerjee,user2447@email.com,Surat,India,2023-04-01,At-Risk,207.96
CUST-5AE6AFE6,Aditya,Verma,user8791@email.com,Hyderabad,India,2023-02-10,Premium,3834.36
CUST-6803B1B9,Divya,Kumar,user5414@email.com,Surat,India,2024-05-06,Regular,747.7
CUST-1A9BAD2F,Neha,Chopra,user915@email.com,Delhi,India,2022-07-12,Premium,736.74
CUST-0AAE5BC2,Tanya,Joshi,user6885@email.com,Chennai,India,2022-03-18,Regular,905.63
CUST-3E58B997,Riya,Verma,user4740@email.com,Surat,India,2023-09-24,Regular,316.25
CUST-6B7FC470,Ananya,Mehta,user9919@email.com,Mumbai,India,2021-01-16,Regular,686.0
CUST-513C4F9A,Arjun,Chopra,user4286@email.com,Chennai,India,2022-11-03,Regular,1896.12
CUST-F573AE61,Riya,Patel,user2216@email.com,Kolkata,India,2023-12-27,Premium,2738.23
CUST-3ED766FE,Divya,Verma,user6605@email.com,Mumbai,India,2023-06-13,Regular,1050.5
CUST-E29EBB8E,Karan,Reddy,user7133@email.com,Surat,India,2023-04-09,Premium,4645.23
CUST-085AF52B,Sneha,Mehta,user441@email.com,Pune,India,2021-12-18,Regular,893.62
CUST-F918A4C0,Divya,Verma,user7255@email.com,Delhi,India,2022-05-14,At-Risk,328.16
CUST-53646B56,Rohan,Mehta,user5183@email.com,Pune,India,2022-03-30,Regular,860.85
CUST-2016BC41,Suresh,Iyer,user1968@email.com,Jaipur,India,2023-11-11,Regular,419.45
CUST-1D3927FE,Divya,Das,user2519@email.com,Hyderabad,India,2021-07-30,Premium,3993.03
CUST-D4475EDD,Tanya,Patel,user1334@email.com,Bangalore,India,2023-10-09,Premium,1387.72
CUST-DA5A94B3,Manish,Joshi,user9348@email.com,Surat,India,2022-10-24,Regular,1171.1
CUST-46004E7A,Arjun,Joshi,user1218@email.com,Ahmedabad,India,2023-06-25,At-Risk,332.25
CUST-512B3184,Manish,Sharma,user5866@email.com,Jaipur,India,2021-06-01,Regular,1613.03
CUST-60013048,Priya,Gupta,user4803@email.com,Delhi,India,2021-07-04,Regular,958.64
CUST-FBC1EF25,Sanjay,Reddy,user9181@email.com,Mumbai,India,2023-07-11,Regular,1063.43
CUST-B8E3127B,Vikram,Gupta,user7892@email.com,Jaipur,India,2021-11-05,At-Risk,307.25
CUST-A154EDC2,Karan,Das,user1481@email.com,Jaipur,India,2021-12-20,At-Risk,252.74
CUST-7BDE58DA,Sanjay,Nair,user8664@email.com,Surat,India,2021-11-22,Premium,3684.3
CUST-3A1527AE,Amit,Mehta,user5643@email.com,Surat,India,2021-04-18,Regular,1844.08
CUST-9FDAD264,Rohan,Gupta,user1648@email.com,Jaipur,India,2023-03-03,Regular,1329.88
CUST-68B2CD79,Tanya,Banerjee,user2563@email.com,Pune,India,2021-06-16,Regular,1475.09
CUST-963FC8F1,Divya,Kumar,user6521@email.com,Bangalore,India,2024-05-03,Regular,368.71
CUST-9FDA4D01,Kavya,Mehta,user5481@email.com,Bangalore,India,2023-12-15,Regular,260.97
CUST-09B7156F,Suresh,Gupta,user398@email.com,Pune,India,2022-09-25,Premium,3517.05
CUST-334365C9,Meera,Singh,user3811@email.com,Bangalore,India,2021-11-14,Premium,1463.87
CUST-930FBFF8,Sneha,Nair,user8943@email.com,Jaipur,India,2021-03-19,Premium,4299.93
CUST-ECE790E1,Tanya,Patel,user9885@email.com,Kolkata,India,2021-11-12,Regular,1765.15
CUST-0F76F2BB,Tanya,Chopra,user2812@email.com,Ahmedabad,India,2021-03-31,Premium,4241.05
CUST-FBFE0504,Ananya,Joshi,user4768@email.com,Ahmedabad,India,2022-04-25,Regular,1385.09
CUST-CA2CA84E,Meera,Banerjee,user3278@email.com,Pune,India,2024-03-14,Regular,687.99
CUST-92771CD0,Pooja,Chopra,user6356@email.com,Jaipur,India,2023-12-17,At-Risk,257.76
CUST-722EC527,Vikram,Chopra,user2367@email.com,Chennai,India,2021-04-17,Regular,407.91
CUST-0FF25348,Kavya,Verma,user8552@email.com,Delhi,India,2022-08-07,Regular,1760.82
CUST-A2F5EE85,Sanjay,Nair,user2514@email.com,Kolkata,India,2021-07-07,Premium,1221.41
CUST-5EE28346,Sanjay,Gupta,user536@email.com,Kolkata,India,2021-04-20,At-Risk,149.92
CUST-78931E5D,Amit,Verma,user6242@email.com,Hyderabad,India,2021-02-27,Regular,810.53
CUST-B99C9A76,Karan,Chopra,user2492@email.com,Bangalore,India,2021-03-20,Regular,288.26
CUST-E8A1B4D0,Arjun,Chopra,user7785@email.com,Ahmedabad,India,2024-06-14,Regular,1676.55
CUST-3E5FDAC1,Rahul,Singh,user2549@email.com,Jaipur,India,2024-05-31,Premium,856.52
CUST-D099FDE7,Pooja,Singh,user5034@email.com,Delhi,India,2021-04-08,Regular,311.26
CUST-4F3606C9,Tanya,Joshi,user1129@email.com,Delhi,India,2023-10-21,Regular,1314.01
CUST-4D900DB0,Suresh,Reddy,user4063@email.com,Bangalore,India,2022-08-20,Regular,131.23
CUST-547D1D86,Ananya,Reddy,user6925@email.com,Bangalore,India,2021-06-25,Regular,1268.14
CUST-AAED365B,Suresh,Nair,user8412@email.com,Jaipur,India,2024-02-09,Regular,785.15
CUST-AD2443C4,Priya,Iyer,user6438@email.com,Pune,India,2022-06-04,Premium,4429.99
CUST-70B308FB,Rohan,Gupta,user4050@email.com,Delhi,India,2024-04-06,Regular,778.48
CUST-32882E29,Priya,Gupta,user9045@email.com,Pune,India,2021-12-25,Regular,731.79
CUST-317D51C8,Meera,Iyer,user3086@email.com,Bangalore,India,2021-05-10,At-Risk,358.11
CUST-44D75839,Priya,Kumar,user3402@email.com,Mumbai,India,2022-02-13,Regular,1892.85
CUST-475DE7C7,Pooja,Nair,user6624@email.com,Jaipur,India,2023-08-28,At-Risk,192.02
CUST-C03BBDED,Vikram,Kumar,user5948@email.com,Mumbai,India,2022-11-11,Regular,1531.25
CUST-A5D35B0D,Riya,Mehta,user7304@email.com,Kolkata,India,2022-11-26,Regular,1618.75
CUST-2A58C8F6,Meera,Gupta,user8607@email.com,Chennai,India,2021-06-19,At-Risk,273.29
CUST-608CF5C8,Tanya,Banerjee,user3056@email.com,Jaipur,India,2022-08-25,Regular,249.96
CUST-880BC7BB,Pooja,Kumar,user7405@email.com,Surat,India,2023-05-23,Regular,252.13
CUST-73C8EF9B,Sanjay,Sharma,user5876@email.com,Surat,India,2023-06-10,Premium,2497.59
CUST-4C5B4121,Priya,Verma,user6755@email.com,Pune,India,2023-11-17,Regular,1962.05
CUST-A951D4A5,Aditya,Patel,user7279@email.com,Mumbai,India,2021-09-16,At-Risk,355.73
CUST-4391E407,Divya,Gupta,user6372@email.com,Surat,India,2021-03-08,Premium,4003.32
CUST-95E92DA5,Divya,Gupta,user7373@email.com,Delhi,India,2024-03-21,Regular,1390.22
CUST-88F9A07F,Karan,Iyer,user4666@email.com,Hyderabad,India,2021-08-21,Premium,2151.27
CUST-2FA161D2,Suresh,Mehta,user9302@email.com,Delhi,India,2022-06-21,Premium,1337.22
CUST-9A01CFDB,Vikram,Reddy,user4778@email.com,Ahmedabad,India,2022-02-14,Regular,1437.67
CUST-8EF98BD8,Sanjay,Patel,user7392@email.com,Delhi,India,2022-10-17,Premium,4337.72
CUST-10355B4F,Kavya,Nair,user4857@email.com,Chennai,India,2021-11-19,Regular,1448.13
CUST-B33CCF95,Neha,Chopra,user6022@email.com,Jaipur,India,2022-04-05,Regular,1861.92
CUST-3484D4C7,Arjun,Singh,user8194@email.com,Mumbai,India,2023-01-10,Premium,1404.41
CUST-DE99F4A6,Kavya,Patel,user1512@email.com,Delhi,India,2022-09-26,Regular,800.93
CUST-021C42B9,Meera,Nair,user6830@email.com,Kolkata,India,2024-03-23,Regular,1462.17
CUST-BEEB0CF1,Rohan,Joshi,user7732@email.com,Jaipur,India,2022-12-07,Premium,4875.71
CUST-CF3E83AC,Kavya,Iyer,user9730@email.com,Bangalore,India,2021-09-22,Premium,4230.74
CUST-5174F20F,Priya,Banerjee,user2134@email.com,Jaipur,India,2021-11-10,Regular,1830.35
CUST-EDA48EE8,Ananya,Gupta,user8601@email.com,Chennai,India,2021-06-11,Regular,407.74
CUST-3D3462C1,Kavya,Kumar,user2150@email.com,Chennai,India,2024-06-12,Regular,1306.61
CUST-614146B9,Neha,Reddy,user9613@email.com,Bangalore,India,2021-12-17,Regular,1054.89
CUST-9DC339E6,Tanya,Gupta,user9334@email.com,Mumbai,India,2021-02-28,Regular,1469.2
CUST-D92E4C5B,Manish,Kumar,user3553@email.com,Surat,India,2023-05-04,Premium,4768.46
CUST-A84803BF,Kavya,Kumar,user5049@email.com,Ahmedabad,India,2022-05-17,Regular,157.54
CUST-B5953ECB,Pooja,Joshi,user1295@email.com,Mumbai,India,2021-11-20,At-Risk,358.25
CUST-1E6DE170,Vikram,Gupta,user2453@email.com,Pune,India,2022-10-16,Regular,1020.08
CUST-0D4F229C,Amit,Patel,user6170@email.com,Jaipur,India,2024-02-25,Regular,1735.48
CUST-1E552254,Sneha,Kumar,user7466@email.com,Hyderabad,India,2021-10-16,Premium,1587.82
CUST-918B380D,Amit,Banerjee,user6950@email.com,Hyderabad,India,2021-11-24,Premium,1805.95
CUST-94AE1E77,Karan,Singh,user2710@email.com,Ahmedabad,India,2023-11-21,At-Risk,470.19
CUST-5122D7CA,Meera,Sharma,user1575@email.com,Kolkata,India,2023-11-02,Regular,1770.24
CUST-EFA73A12,Manish,Gupta,user897@email.com,Mumbai,India,2022-07-31,Regular,557.38
CUST-DDDEB6F6,Meera,Kumar,user8893@email.com,Mumbai,India,2021-08-09,Regular,1776.45
CUST-7E51E448,Divya,Chopra,user6706@email.com,Pune,India,2021-04-03,Regular,1776.67
CUST-B1AC79AB,Vikram,Gupta,user9164@email.com,Chennai,India,2021-05-31,Regular,1183.54
CUST-68411D62,Kavya,Kumar,user2046@email.com,Bangalore,India,2021-07-18,Regular,955.67
CUST-E1AFF3AB,Karan,Nair,user6090@email.com,Bangalore,India,2022-02-12,Regular,1610.3
CUST-FBBAB634,Priya,Sharma,user737@email.com,Bangalore,India,2022-11-14,Regular,862.64
CUST-7A3C67E2,Arjun,Reddy,user8546@email.com,Bangalore,India,2022-11-03,At-Risk,283.7
CUST-70A3C4C0,Amit,Reddy,user5002@email.com,Surat,India,2022-11-20,At-Risk,193.34
CUST-B12BD511,Meera,Das,user9322@email.com,Chennai,India,2023-08-31,Regular,1068.46
CUST-EEB3F9BB,Sneha,Mehta,user9663@email.com,Chennai,India,2021-02-24,At-Risk,215.76
CUST-25DE3C56,Manish,Reddy,user3828@email.com,Mumbai,India,2024-04-10,Regular,604.51
CUST-971DCF46,Tanya,Chopra,user6329@email.com,Bangalore,India,2022-05-12,Regular,1096.04
CUST-B2C80B3C,Sneha,Singh,user410@email.com,Ahmedabad,India,2022-10-05,Premium,4766.92
CUST-CE69E91F,Vikram,Mehta,user8321@email.com,Surat,India,2023-08-24,Regular,884.62
CUST-9D9BE574,Priya,Das,user2362@email.com,Jaipur,India,2022-03-01,At-Risk,381.13
CUST-7DE8FE6F,Meera,Nair,user6273@email.com,Pune,India,2021-12-21,Regular,1996.43
CUST-049A4350,Kavya,Gupta,user4431@email.com,Surat,India,2023-09-19,Regular,1112.94
CUST-A18299FC,Kavya,Kumar,user3784@email.com,Chennai,India,2022-08-15,Premium,1609.34
CUST-3DFF790B,Meera,Gupta,user7961@email.com,Pune,India,2024-02-22,Regular,1411.46
CUST-07B479CA,Rahul,Kumar,user2096@email.com,Surat,India,2024-01-18,At-Risk,407.93
CUST-F50E08A0,Divya,Chopra,user2499@email.com,Chennai,India,2021-03-28,Regular,1962.31
CUST-55450CA1,Divya,Joshi,user4301@email.com,Ahmedabad,India,2022-03-15,Regular,1456.87
CUST-C3B49F47,Kavya,Das,user4550@email.com,Bangalore,India,2021-08-12,Regular,1123.3
CUST-51DD227A,Ananya,Sharma,user8800@email.com,Hyderabad,India,2022-04-22,Regular,1214.98
CUST-8A0C4F7D,Meera,Verma,user2352@email.com,Mumbai,India,2024-02-02,Premium,2359.86
CUST-523ECF2A,Meera,Joshi,user3367@email.com,Chennai,India,2022-10-20,At-Risk,121.07
CUST-5EF47699,Rohan,Iyer,user9506@email.com,Hyderabad,India,2024-01-01,Regular,212.41
CUST-109CC91C,Priya,Patel,user6946@email.com,Bangalore,India,2021-03-16,Regular,1715.63
CUST-0F509F24,Meera,Patel,user4842@email.com,Mumbai,India,2021-01-19,At-Risk,228.65
CUST-B804C246,Karan,Kumar,user7544@email.com,Jaipur,India,2023-12-10,Regular,1245.29
CUST-25760997,Suresh,Joshi,user4570@email.com,Hyderabad,India,2021-08-19,Regular,1883.26
CUST-12D3C02B,Rahul,Das,user3150@email.com,Mumbai,India,2022-11-22,Regular,1489.13
CUST-E1B5E26D,Vikram,Patel,user6743@email.com,Kolkata,India,2023-11-22,Regular,1178.78
CUST-63A40671,Sneha,Patel,user2403@email.com,Ahmedabad,India,2022-10-25,Regular,861.58
CUST-23F3069C,Amit,Singh,user7419@email.com,Chennai,India,2022-11-07,At-Risk,53.07
CUST-8116ACAC,Aditya,Kumar,user5990@email.com,Hyderabad,India,2021-05-08,Regular,1473.48
CUST-A2DA4F98,Neha,Mehta,user8333@email.com,Chennai,India,2021-08-29,Regular,984.25
CUST-FC1F1C8F,Divya,Reddy,user3718@email.com,Hyderabad,India,2021-10-01,Regular,1887.21
CUST-8FB674DF,Tanya,Gupta,user6913@email.com,Jaipur,India,2023-08-23,Regular,964.46
CUST-80919B1E,Vikram,Chopra,user4154@email.com,Surat,India,2021-06-17,Regular,1623.79
CUST-6CE5C556,Divya,Verma,user9343@email.com,Delhi,India,2021-05-07,Regular,1103.53
CUST-C78EF0EC,Vikram,Reddy,user8892@email.com,Bangalore,India,2021-12-03,At-Risk,456.3
CUST-8A0973CF,Sneha,Iyer,user3465@email.com,Surat,India,2023-09-29,Regular,1088.65
CUST-4FA9C658,Priya,Joshi,user2261@email.com,Jaipur,India,2023-05-01,Premium,2796.69
CUST-63214E32,Sanjay,Iyer,user5149@email.com,Mumbai,India,2023-03-22,Regular,209.7
CUST-FE78D4C7,Vikram,Reddy,user1296@email.com,Mumbai,India,2023-05-18,Regular,105.73
CUST-F135F62A,Priya,Verma,user7834@email.com,Mumbai,India,2022-08-11,Regular,221.14
CUST-F6D19C4F,Riya,Gupta,user6366@email.com,Ahmedabad,India,2023-02-13,Regular,1561.05
CUST-A7A6BBEF,Kavya,Patel,user5797@email.com,Delhi,India,2022-01-01,Regular,1397.19
CUST-89DB5891,Arjun,Das,user3748@email.com,Mumbai,India,2021-02-16,At-Risk,226.88
CUST-D98229A7,Kavya,Mehta,user8815@email.com,Kolkata,India,2022-04-16,At-Risk,258.35
CUST-5661177D,Rahul,Singh,user1948@email.com,Mumbai,India,2023-05-09,Regular,757.7
CUST-99577116,Aditya,Singh,user3476@email.com,Delhi,India,2021-07-26,Regular,1878.85
CUST-91904C1A,Priya,Singh,user824@email.com,Kolkata,India,2023-06-18,Regular,948.24
CUST-0CDCC963,Priya,Patel,user8355@email.com,Chennai,India,2022-04-25,Regular,512.81
CUST-19070333,Karan,Reddy,user9896@email.com,Pune,India,2022-05-01,At-Risk,379.18
CUST-BD4DDF9A,Suresh,Singh,user6875@email.com,Chennai,India,2022-07-18,Regular,372.19
CUST-9F84CA5D,Neha,Iyer,user7099@email.com,Jaipur,India,2023-10-13,Premium,4768.34
CUST-B6C8F29D,Amit,Chopra,user8692@email.com,Pune,India,2023-05-03,Premium,2049.87
CUST-D4F8E1A0,Neha,Chopra,user8913@email.com,Ahmedabad,India,2022-05-09,Regular,669.79
CUST-EDF3C15B,Arjun,Chopra,user7686@email.com,Mumbai,India,2024-02-26,At-Risk,185.33
CUST-99889BB9,Suresh,Patel,user6463@email.com,Hyderabad,India,2022-06-07,Regular,891.36
CUST-8DD8A86C,Sanjay,Banerjee,user6179@email.com,Delhi,India,2024-01-02,Regular,1328.74
CUST-277AFF95,Rahul,Mehta,user9978@email.com,Mumbai,India,2021-05-30,Regular,461.92
CUST-4010C35F,Kavya,Singh,user7954@email.com,Hyderabad,India,2022-11-13,Premium,3927.63
CUST-66FA2F97,Vikram,Singh,user2022@email.com,Ahmedabad,India,2022-05-12,Regular,1827.09
CUST-BAB7A25E,Amit,Singh,user9145@email.com,Pune,India,2022-08-03,Regular,1437.16
CUST-C76EB422,Divya,Kumar,user4385@email.com,Pune,India,2023-11-17,Regular,1113.94
CUST-C89E76BB,Meera,Chopra,user5346@email.com,Hyderabad,India,2023-01-30,At-Risk,259.7
CUST-FDFC002F,Ananya,Das,user2490@email.com,Mumbai,India,2022-06-19,Regular,186.86
CUST-BD75547B,Riya,Kumar,user2597@email.com,Hyderabad,India,2022-11-07,Regular,1209.66
CUST-0223A176,Ananya,Joshi,user9121@email.com,Pune,India,2022-06-12,Regular,1182.6
CUST-63A248A8,Meera,Joshi,user2856@email.com,Pune,India,2021-12-13,Regular,1028.38
CUST-E5990E88,Neha,Nair,user1062@email.com,Jaipur,India,2021-03-11,Premium,2959.46
CUST-4B532F33,Priya,Chopra,user204@email.com,Kolkata,India,2021-10-09,At-Risk,83.45
CUST-0912696B,Arjun,Sharma,user3683@email.com,Jaipur,India,2023-07-23,At-Risk,154.15
CUST-FEE1B9E7,Tanya,Joshi,user8093@email.com,Mumbai,India,2021-01-14,Regular,1273.89
CUST-3A040905,Aditya,Nair,user4601@email.com,Jaipur,India,2022-08-11,Regular,881.54
CUST-447BBE96,Riya,Chopra,user3037@email.com,Delhi,India,2021-07-17,Premium,4159.21
CUST-1FEFC060,Tanya,Nair,user4235@email.com,Pune,India,2022-07-02,Regular,557.84
CUST-8D0B72D2,Amit,Joshi,user9356@email.com,Hyderabad,India,2022-04-08,Regular,250.14
CUST-4ADE8457,Rohan,Iyer,user619@email.com,Delhi,India,2023-04-11,Regular,1673.32
CUST-FC2984D5,Priya,Iyer,user254@email.com,Bangalore,India,2021-06-19,Regular,1150.13
CUST-F49D95BF,Karan,Reddy,user1662@email.com,Jaipur,India,2021-03-29,Regular,924.43
CUST-F01868AB,Manish,Joshi,user4541@email.com,Mumbai,India,2021-06-02,Regular,1812.42
CUST-EEB165DD,Kavya,Reddy,user639@email.com,Bangalore,India,2022-10-07,Regular,632.71
CUST-3C7C2B92,Arjun,Chopra,user6625@email.com,Delhi,India,2022-09-05,Premium,1432.21
CUST-F584371B,Amit,Iyer,user8956@email.com,Pune,India,2023-02-26,Premium,1582.12
CUST-55B66AE5,Rohan,Nair,user5766@email.com,Mumbai,India,2021-07-20,Regular,365.91
CUST-9C385E3B,Karan,Reddy,user9858@email.com,Kolkata,India,2022-10-31,Regular,1693.48
CUST-BF0C6036,Sanjay,Joshi,user3837@email.com,Pune,India,2024-02-07,Premium,1729.97
CUST-7D85C9E2,Manish,Iyer,user6327@email.com,Delhi,India,2024-06-20,At-Risk,244.33
CUST-899211E8,Rohan,Verma,user4490@email.com,Bangalore,India,2023-02-18,Regular,568.25
CUST-0D4667F7,Amit,Gupta,user6009@email.com,Delhi,India,2021-07-07,Regular,1304.41
CUST-4308FB13,Divya,Chopra,user4519@email.com,Delhi,India,2021-09-29,Premium,1887.2
CUST-CFD93DA1,Kavya,Nair,user8495@email.com,Kolkata,India,2021-07-31,Premium,2439.41
CUST-8EB3361A,Rohan,Reddy,user9898@email.com,Pune,India,2023-02-28,Premium,2092.61
CUST-F1E8BF1D,Rohan,Das,user9267@email.com,Hyderabad,India,2024-03-17,Premium,2362.15
CUST-0487E461,Neha,Patel,user4505@email.com,Chennai,India,2022-07-04,Regular,1402.1
CUST-377CE8B7,Riya,Kumar,user6999@email.com,Chennai,India,2023-09-19,Regular,220.21
CUST-388803BB,Ananya,Das,user8223@email.com,Surat,India,2024-06-16,Regular,786.14
CUST-936BA115,Pooja,Sharma,user6583@email.com,Pune,India,2024-06-24,Premium,981.38
CUST-6CF7373B,Sanjay,Gupta,user7155@email.com,Surat,India,2021-10-06,Regular,1738.18
CUST-7FB8A938,Vikram,Joshi,user5247@email.com,Bangalore,India,2023-03-27,Regular,1246.1
CUST-444B43B3,Meera,Reddy,user4071@email.com,Pune,India,2023-02-10,At-Risk,181.15
CUST-81E26740,Divya,Verma,user9338@email.com,Hyderabad,India,2024-04-27,Regular,1593.15
CUST-F24E556E,Kavya,Sharma,user7663@email.com,Hyderabad,India,2023-06-17,At-Risk,130.97
CUST-0EEE8D5B,Rohan,Banerjee,user6803@email.com,Ahmedabad,India,2021-10-13,Regular,1679.44
CUST-A5B6CFC9,Arjun,Das,user7032@email.com,Kolkata,India,2021-06-01,Regular,559.84
CUST-0D4F68FD,Manish,Mehta,user8855@email.com,Jaipur,India,2023-05-07,Regular,1236.07
CUST-1B66EA03,Divya,Das,user8896@email.com,Surat,India,2021-06-24,Regular,1602.37
CUST-FBC46F20,Divya,Patel,user825@email.com,Surat,India,2023-03-30,Premium,1617.04
CUST-580E9DD2,Riya,Verma,user272@email.com,Delhi,India,2022-06-14,At-Risk,199.22
CUST-4BD72F0C,Kavya,Reddy,user9524@email.com,Hyderabad,India,2023-07-02,Regular,1519.02
CUST-A987FCB4,Manish,Das,user8299@email.com,Bangalore,India,2022-12-08,Regular,979.82
CUST-22090349,Pooja,Mehta,user1506@email.com,Delhi,India,2021-10-18,At-Risk,267.25
CUST-3FEEC8BE,Vikram,Nair,user8012@email.com,Pune,India,2023-09-03,Regular,751.83
CUST-3BE26B32,Sanjay,Gupta,user1200@email.com,Chennai,India,2021-04-02,Premium,3748.97
CUST-B847C4BA,Karan,Iyer,user1891@email.com,Bangalore,India,2022-05-15,At-Risk,101.79
CUST-1CCFEFA4,Karan,Nair,user7085@email.com,Ahmedabad,India,2022-04-20,Regular,1148.63
CUST-55A1383D,Neha,Iyer,user7180@email.com,Kolkata,India,2021-03-01,Regular,1296.54
CUST-977374FB,Sanjay,Reddy,user7137@email.com,Kolkata,India,2021-01-10,Regular,1777.89
CUST-BB544E12,Rohan,Reddy,user1767@email.com,Jaipur,India,2022-01-18,Regular,490.99
CUST-9DB5F5DB,Sneha,Kumar,user8119@email.com,Jaipur,India,2022-10-04,Regular,474.44
CUST-6CB94C3B,Manish,Verma,user5800@email.com,Pune,India,2023-07-27,Regular,1261.49
CUST-A9ECD251,Pooja,Reddy,user9769@email.com,Delhi,India,2021-10-02,Regular,1646.1
CUST-6CABAEC4,Sneha,Patel,user6216@email.com,Bangalore,India,2023-11-13,Regular,553.29
CUST-D4D849B7,Manish,Mehta,user7031@email.com,Bangalore,India,2023-09-24,Regular,1233.21
CUST-D884DA3E,Neha,Nair,user2833@email.com,Ahmedabad,India,2022-08-15,Regular,1417.52
CUST-873730FB,Sanjay,Reddy,user978@email.com,Pune,India,2021-01-20,Premium,1915.61
CUST-789D7114,Amit,Nair,user8381@email.com,Ahmedabad,India,2023-04-18,Regular,470.74
CUST-48151694,Sanjay,Joshi,user2840@email.com,Delhi,India,2024-03-03,Regular,889.7
CUST-EB205B0D,Pooja,Sharma,user4603@email.com,Hyderabad,India,2024-01-07,Premium,3924.75
CUST-29051638,Manish,Das,user8215@email.com,Jaipur,India,2023-11-13,Regular,1583.41
CUST-40D88A79,Kavya,Banerjee,user6110@email.com,Jaipur,India,2021-03-27,Premium,1013.93
CUST-28EF754F,Vikram,Mehta,user1777@email.com,Hyderabad,India,2022-09-02,Regular,938.6
CUST-C3BABFE9,Rahul,Gupta,user1525@email.com,Ahmedabad,India,2021-08-29,At-Risk,64.5
CUST-6EB56331,Manish,Das,user5844@email.com,Surat,India,2023-05-27,Regular,550.2
CUST-59F8BCEF,Vikram,Banerjee,user3490@email.com,Mumbai,India,2024-03-13,Premium,1126.56
CUST-E17F282D,Kavya,Patel,user5402@email.com,Chennai,India,2022-08-16,Regular,634.06
CUST-940593B4,Suresh,Iyer,user1660@email.com,Bangalore,India,2023-04-23,Regular,1909.55
CUST-F6DA48E5,Arjun,Das,user2274@email.com,Hyderabad,India,2021-10-27,At-Risk,496.62
CUST-4CB5157D,Amit,Joshi,user2429@email.com,Surat,India,2022-07-05,Regular,1674.12
CUST-DE0C8FE3,Rohan,Iyer,user1625@email.com,Kolkata,India,2023-11-22,Regular,812.83
CUST-E4F614E6,Divya,Joshi,user8096@email.com,Pune,India,2024-04-06,Regular,1419.94
CUST-80396738,Rohan,Das,user7611@email.com,Pune,India,2021-05-10,Premium,3983.61
CUST-672DFF96,Riya,Banerjee,user3570@email.com,Ahmedabad,India,2022-07-04,Regular,855.66
CUST-D9CB0086,Kavya,Reddy,user2239@email.com,Surat,India,2023-09-21,Regular,638.83
CUST-F2A63230,Priya,Sharma,user1731@email.com,Ahmedabad,India,2021-02-03,Regular,1798.89
CUST-B28B0B95,Sanjay,Joshi,user111@email.com,Kolkata,India,2022-02-19,Premium,4359.43
CUST-8291D953,Pooja,Patel,user4589@email.com,Delhi,India,2023-01-09,At-Risk,459.23
CUST-7F4354A9,Neha,Sharma,user6593@email.com,Chennai,India,2022-04-25,Regular,806.5
CUST-E9FC15B9,Sneha,Sharma,user3596@email.com,Ahmedabad,India,2021-06-09,Regular,273.28
CUST-66F6D161,Sanjay,Sharma,user232@email.com,Pune,India,2021-09-04,Premium,1517.86
CUST-FC3B15A3,Arjun,Joshi,user1260@email.com,Hyderabad,India,2023-02-24,At-Risk,240.04
CUST-2F3BF899,Sneha,Gupta,user6122@email.com,Chennai,India,2021-10-08,Premium,4126.81
CUST-BE03F72A,Arjun,Iyer,user2440@email.com,Delhi,India,2023-12-23,Regular,1645.4
CUST-9B97F9A4,Neha,Joshi,user5853@email.com,Hyderabad,India,2021-11-07,Regular,1259.61
CUST-194ED1AA,Sanjay,Banerjee,user3659@email.com,Delhi,India,2021-07-25,At-Risk,327.23
CUST-F19BC959,Amit,Gupta,user7135@email.com,Pune,India,2021-10-14,Premium,1054.21
CUST-1895B133,Ananya,Nair,user9946@email.com,Surat,India,2024-05-29,Regular,1324.78
CUST-58479D4F,Aditya,Banerjee,user5042@email.com,Hyderabad,India,2023-11-27,Regular,1888.43
CUST-070D858D,Amit,Kumar,user994@email.com,Hyderabad,India,2023-10-11,Regular,458.43
CUST-A91835A3,Tanya,Verma,user8755@email.com,Mumbai,India,2023-01-10,Regular,558.06
CUST-DB2BA6E7,Manish,Mehta,user6086@email.com,Jaipur,India,2021-12-20,At-Risk,109.39
CUST-0E393329,Rohan,Sharma,user9723@email.com,Delhi,India,2021-01-29,Regular,1913.46
CUST-246488A6,Priya,Chopra,user6620@email.com,Jaipur,India,2022-08-10,Regular,175.67
CUST-F902EDAD,Riya,Mehta,user6690@email.com,Delhi,India,2024-01-04,Regular,1051.99
CUST-7D9BAFCC,Rohan,Kumar,user1394@email.com,Jaipur,India,2022-02-21,Regular,390.09
CUST-8F3B6F9D,Karan,Mehta,user9708@email.com,Delhi,India,2022-09-28,At-Risk,119.92
CUST-07ED2846,Ananya,Sharma,user4105@email.com,Delhi,India,2023-06-09,Regular,1486.92
CUST-5CAAD97D,Priya,Kumar,user2977@email.com,Delhi,India,2021-01-26,Premium,3255.34
CUST-F80F0A1F,Neha,Joshi,user5780@email.com,Jaipur,India,2023-11-26,Regular,1432.85
CUST-17667E04,Neha,Gupta,user2179@email.com,Chennai,India,2021-08-30,Regular,1469.45
CUST-FF04FDC2,Riya,Kumar,user8682@email.com,Delhi,India,2022-06-23,Regular,155.78
CUST-CC1B13F4,Rohan,Joshi,user7557@email.com,Jaipur,India,2023-01-08,Regular,1195.64
CUST-36D6AC56,Neha,Gupta,user2677@email.com,Chennai,India,2021-07-30,Premium,4367.12
CUST-48B77AE5,Sneha,Singh,user8436@email.com,Mumbai,India,2021-04-01,At-Risk,353.35
CUST-F0E511E2,Priya,Joshi,user6063@email.com,Kolkata,India,2021-11-04,At-Risk,55.53
CUST-83E9CBD2,Priya,Nair,user6970@email.com,Hyderabad,India,2022-10-22,Premium,4821.54
CUST-AF586E89,Karan,Kumar,user1376@email.com,Surat,India,2023-02-03,Regular,1840.12
CUST-26EDB403,Priya,Patel,user3756@email.com,Jaipur,India,2021-04-05,Premium,3529.97
CUST-07BA7B8B,Sanjay,Banerjee,user4725@email.com,Chennai,India,2022-11-02,At-Risk,81.02
CUST-CA18B190,Divya,Singh,user4877@email.com,Surat,India,2022-09-15,Premium,2555.36
CUST-C668B17A,Divya,Reddy,user8183@email.com,Hyderabad,India,2024-01-25,Regular,560.91
CUST-6425E1A0,Aditya,Mehta,user491@email.com,Hyderabad,India,2024-01-15,Regular,565.74
CUST-5BED70E7,Aditya,Gupta,user123@email.com,Kolkata,India,2022-09-22,Regular,1695.19
CUST-75E094B9,Ananya,Mehta,user8161@email.com,Mumbai,India,2021-10-19,Premium,2884.17
CUST-C11859AA,Ananya,Banerjee,user8615@email.com,Kolkata,India,2023-02-02,Regular,276.75
CUST-8E59FFB9,Manish,Verma,user8380@email.com,Bangalore,India,2023-03-19,Regular,1521.01
CUST-8B4822F5,Riya,Iyer,user2241@email.com,Hyderabad,India,2022-08-21,Premium,3055.19
CUST-AAB011C2,Amit,Das,user5445@email.com,Pune,India,2023-07-17,Regular,698.52
CUST-05794BDD,Vikram,Patel,user9679@email.com,Delhi,India,2021-11-15,Regular,241.91
CUST-ACE63D16,Karan,Mehta,user2078@email.com,Jaipur,India,2023-01-04,Premium,2523.05
CUST-ABF4976D,Pooja,Joshi,user4441@email.com,Delhi,India,2021-07-05,At-Risk,143.44
CUST-F9C2AB10,Tanya,Sharma,user3622@email.com,Pune,India,2021-10-31,Premium,3587.25
CUST-5A25A025,Divya,Mehta,user8512@email.com,Mumbai,India,2022-09-05,Premium,1616.98
CUST-7FB6D1EF,Aditya,Mehta,user7508@email.com,Jaipur,India,2024-02-01,Regular,1982.29
CUST-F019CEC4,Arjun,Verma,user295@email.com,Mumbai,India,2022-04-01,Regular,977.88
CUST-E3630AB7,Divya,Iyer,user1476@email.com,Surat,India,2024-04-15,Premium,4206.53
CUST-7D897851,Aditya,Verma,user3339@email.com,Ahmedabad,India,2021-09-21,Regular,1644.22
CUST-F10F432C,Karan,Verma,user799@email.com,Ahmedabad,India,2021-04-14,Premium,4312.74
CUST-17F27F62,Amit,Joshi,user583@email.com,Kolkata,India,2023-05-24,Premium,3082.48
CUST-B807180B,Neha,Kumar,user4685@email.com,Ahmedabad,India,2021-11-01,Premium,1466.22
CUST-409B3D43,Ananya,Iyer,user4935@email.com,Ahmedabad,India,2023-04-24,Premium,3286.29
CUST-8B15ED68,Rohan,Kumar,user6375@email.com,Bangalore,India,2023-05-09,At-Risk,265.56
CUST-0FDDA671,Suresh,Singh,user9007@email.com,Mumbai,India,2023-02-23,Premium,4480.94
CUST-77EE3ECE,Kavya,Chopra,user8040@email.com,Pune,India,2024-03-04,Regular,782.31
CUST-143B0FBF,Neha,Sharma,user5324@email.com,Surat,India,2022-03-25,Regular,837.92
CUST-507C91CA,Rahul,Sharma,user7828@email.com,Jaipur,India,2023-01-03,Premium,4148.1
CUST-92172702,Neha,Verma,user4160@email.com,Hyderabad,India,2022-06-30,Regular,1999.25
