review_id,product_id,customer_id,rating,review_text,review_date,helpful_votes
REV-644D4692,PROD-187B16A7,CUST-F8FAA68C,5,Exceeded my expectations completely.,2024-08-23,19
REV-3E12663A,PROD-790E63A6,CUST-4B532F33,4,"Works as described, happy with it.",2023-04-22,14
REV-2EA6A476,PROD-D535BA9E,CUST-AAED365B,5,"Top quality product, fast delivery.",2024-10-18,25
REV-E303C7AA,PROD-0637C0D8,CUST-A5D35B0D,2,Had some issues out of the box.,2023-10-21,12
REV-82B9C1CE,PROD-E24CB8A4,CUST-A5D35B0D,4,Good value for money.,2022-08-03,14
REV-9D33DD70,PROD-5FE65A3B,CUST-936BA115,4,"Works as described, happy with it.",2022-07-17,9
REV-CC139EA1,PROD-3CD1952C,CUST-899211E8,4,"Very good product, minor packaging issue.",2024-01-26,12
REV-A6DD9745,PROD-D535BA9E,CUST-3FF948FC,4,"Solid product, would recommend.",2022-07-12,12
REV-DC2ACAD4,PROD-6D2426CB,CUST-A9ECD251,3,Decent quality.,2024-10-20,19
REV-30F73D61,PROD-928A2A8B,CUST-5B1F53D3,3,"Average product, nothing special.",2024-08-07,17
REV-C65E10C4,PROD-1001130C,CUST-334365C9,4,"Solid product, would recommend.",2024-11-03,8
REV-690B2F0F,PROD-9A5F63AA,CUST-458DCACD,5,Absolutely love it! Best purchase ever.,2024-05-09,30
REV-F0405758,PROD-E24CB8A4,CUST-0D4F68FD,4,"Very good product, minor packaging issue.",2024-08-14,30
REV-21E6902C,PROD-F9231922,CUST-D9CB0086,4,Good value for money.,2022-08-31,30
REV-6E263C4C,PROD-C0B127A9,CUST-66F6D161,4,Good value for money.,2022-08-20,17
REV-0FBF1571,PROD-D535BA9E,CUST-143B0FBF,4,Good value for money.,2022-07-08,38
REV-09ED65C8,PROD-F9231922,CUST-3BE26B32,5,"Top quality product, fast delivery.",2023-11-04,0
REV-9027762E,PROD-0E06F972,CUST-BF0C6036,3,"Average product, nothing special.",2024-06-16,47
REV-63A0266C,PROD-8159C0A4,CUST-8F3B6F9D,5,Perfect fit and great build quality.,2023-02-22,17
REV-5C156F2C,PROD-3CD1952C,CUST-0AAE5BC2,5,"Top quality product, fast delivery.",2023-02-10,38
REV-970F907C,PROD-A7D1FB77,CUST-A2F542FF,4,"Solid product, would recommend.",2024-09-18,30
REV-531A00DA,PROD-44834CB1,CUST-67469594,1,Broke after one week.,2024-11-30,0
REV-0C39C67D,PROD-9A5F63AA,CUST-7D9BAFCC,5,"Top quality product, fast delivery.",2022-09-29,34
REV-A640320B,PROD-17DF18B5,CUST-388803BB,3,Okay for the price.,2024-02-09,50
REV-F5F0A76E,PROD-85AB6E7B,CUST-868ADE8A,5,Absolutely love it! Best purchase ever.,2024-09-01,34
REV-A0A0873A,PROD-F8706B59,CUST-B2C80B3C,1,Complete waste of money.,2023-07-09,49
REV-573FB2A8,PROD-F2B52A80,CUST-8701EFC9,3,Decent quality.,2024-12-24,34
REV-E8EA31CD,PROD-66419DA1,CUST-E1B5E26D,4,"Very good product, minor packaging issue.",2024-04-06,28
REV-A7463089,PROD-6A13D41F,CUST-71ACE83A,4,"Solid product, would recommend.",2023-04-26,10
REV-CF9F66FD,PROD-8EA520A4,CUST-E2EBEF6A,4,"Solid product, would recommend.",2023-03-17,44
REV-45471BBE,PROD-963421E3,CUST-6D51D533,4,"Works as described, happy with it.",2024-06-09,15
REV-50D8FAA7,PROD-661FE965,CUST-92A4A8EB,3,Okay for the price.,2022-07-27,12
REV-8DC776DF,PROD-0E074139,CUST-D2C85F1F,4,Good value for money.,2024-10-18,1
REV-5948C607,PROD-1013CB12,CUST-5CAAD97D,4,"Very good product, minor packaging issue.",2024-07-20,49
REV-76688428,PROD-99030BD0,CUST-D4F3448A,5,Perfect fit and great build quality.,2022-07-14,38
REV-444AAAEC,PROD-790E63A6,CUST-A18299FC,3,"Average product, nothing special.",2023-12-06,46
REV-FC3D13EF,PROD-44834CB1,CUST-FC3B15A3,5,Exceeded my expectations completely.,2022-08-20,5
REV-AFE4EB80,PROD-8F134EA0,CUST-6CABAEC4,3,Gets the job done but could be better.,2023-06-23,6
REV-0AD69B91,PROD-6ACBDFF5,CUST-5417B9A7,2,Okay but overpriced.,2023-12-27,3
REV-7F246131,PROD-6EA27620,CUST-28FF33A3,3,Okay for the price.,2024-04-04,7
REV-21C461CE,PROD-6EA27620,CUST-6354CD9F,2,Okay but overpriced.,2023-09-09,43
REV-F649EE95,PROD-261E2C48,CUST-D297F7AF,4,"Very good product, minor packaging issue.",2023-04-18,14
REV-ADE3EC6A,PROD-D58C3016,CUST-B6C8F29D,4,"Very good product, minor packaging issue.",2023-10-01,30
REV-87D41F57,PROD-E24F5BD8,CUST-0912696B,5,"Top quality product, fast delivery.",2023-03-31,30
REV-BBBF31EA,PROD-8FD1797E,CUST-66F6D161,5,Exceeded my expectations completely.,2024-12-27,40
REV-8B4CB244,PROD-31695DC7,CUST-334365C9,5,Absolutely love it! Best purchase ever.,2023-03-24,24
REV-C9F581D8,PROD-3CD1952C,CUST-E1AFF3AB,5,"Top quality product, fast delivery.",2024-06-16,15
REV-3DF3A332,PROD-661FE965,CUST-F19BC959,4,"Solid product, would recommend.",2024-09-01,24
REV-E0E75852,PROD-DADF29A3,CUST-9B97F9A4,5,Perfect fit and great build quality.,2022-12-02,15
REV-AAFF57A4,PROD-5FE65A3B,CUST-BB4C8366,3,"Average product, nothing special.",2023-06-08,14
REV-FC75F6DB,PROD-E6123478,CUST-4308FB13,5,Perfect fit and great build quality.,2022-08-15,47
REV-8B486860,PROD-17DF18B5,CUST-212175F7,4,Good value for money.,2023-10-11,35
REV-01BB7C04,PROD-187B16A7,CUST-CAC027CF,5,Perfect fit and great build quality.,2023-11-12,25
REV-B3434970,PROD-0637C0D8,CUST-3E58B997,1,Broke after one week.,2022-07-13,25
REV-A0458A2A,PROD-8BC4BBBB,CUST-28EF754F,4,"Very good product, minor packaging issue.",2023-06-15,2
REV-7AFB6D83,PROD-DF356D3A,CUST-0E393329,2,Disappointed with the quality.,2024-03-24,40
REV-E178211A,PROD-6A13D41F,CUST-25760997,4,"Very good product, minor packaging issue.",2022-06-12,13
REV-235C1089,PROD-F42CBE35,CUST-52C32273,4,"Works as described, happy with it.",2022-07-31,47
REV-766D829D,PROD-1001130C,CUST-D5A81739,3,Decent quality.,2022-10-17,1
REV-5B488FF2,PROD-8EA520A4,CUST-6728CDB7,4,"Works as described, happy with it.",2024-07-25,29
REV-F3B874B3,PROD-A297628B,CUST-B99C9A76,5,"Top quality product, fast delivery.",2023-01-23,7
REV-9D1688B8,PROD-6D2426CB,CUST-77EE3ECE,4,"Solid product, would recommend.",2022-07-13,3
REV-EB0C8651,PROD-6ACBDFF5,CUST-7BDE58DA,4,"Very good product, minor packaging issue.",2022-10-15,29
REV-B4FC2514,PROD-510DD867,CUST-8E59FFB9,3,Decent quality.,2024-04-08,20
REV-D44BA355,PROD-ECFDE58F,CUST-63A40671,3,Okay for the price.,2022-07-15,20
REV-8D310FD9,PROD-F9231922,CUST-B807180B,3,Decent quality.,2024-05-11,18
REV-7900B744,PROD-8B0DE042,CUST-88F9A07F,5,Absolutely love it! Best purchase ever.,2022-10-06,35
REV-5FB4D68C,PROD-F9231922,CUST-DFD75988,1,Complete waste of money.,2023-05-23,40
REV-5CE78F58,PROD-AB1FF945,CUST-D540071F,4,Good value for money.,2024-07-20,21
REV-1953FBCF,PROD-6EA27620,CUST-6728CDB7,4,"Works as described, happy with it.",2024-02-02,50
REV-D58C202C,PROD-85AB6E7B,CUST-AC8C4B83,4,"Solid product, would recommend.",2024-02-22,31
REV-342B1828,PROD-6C8C7B4E,CUST-1E2FBEB8,2,Disappointed with the quality.,2023-01-27,26
REV-006CED07,PROD-661FE965,CUST-F6DA48E5,2,"Not as described, expected better.",2023-04-14,34
REV-1572811E,PROD-928A2A8B,CUST-67469594,4,Good value for money.,2023-09-03,40
REV-82FD2B0C,PROD-661FE965,CUST-F80F0A1F,3,Gets the job done but could be better.,2022-06-17,8
REV-98485F42,PROD-3AD6D727,CUST-EADD3A33,3,Decent quality.,2022-06-28,4
REV-55ACC86A,PROD-E55B2CB4,CUST-D4F8E1A0,4,"Very good product, minor packaging issue.",2022-08-09,28
REV-351ED940,PROD-71C4E5EF,CUST-60013048,3,Gets the job done but could be better.,2024-09-06,6
REV-F5D22B2A,PROD-0637C0D8,CUST-32E45AA6,3,Gets the job done but could be better.,2024-01-07,3
REV-851224B6,PROD-6EFF520C,CUST-6F337490,4,Good value for money.,2022-08-16,13
REV-1394B626,PROD-8159C0A4,CUST-DE7B5A47,3,Gets the job done but could be better.,2024-01-02,16
REV-D86F4002,PROD-51E64CDE,CUST-0FDDA671,2,Okay but overpriced.,2024-06-19,47
REV-A5A4EF02,PROD-BFF3526B,CUST-D4F8E1A0,4,Good value for money.,2024-05-12,29
REV-A461D775,PROD-9A5F63AA,CUST-4ADE8457,4,"Solid product, would recommend.",2022-10-05,36
REV-CB64E785,PROD-31695DC7,CUST-377CE8B7,5,Perfect fit and great build quality.,2023-08-20,47
REV-1099B1FD,PROD-6EA27620,CUST-B12BD511,5,Exceeded my expectations completely.,2023-08-14,21
REV-4592657F,PROD-790E63A6,CUST-0D4F229C,4,"Works as described, happy with it.",2022-12-17,20
REV-1DCA19D9,PROD-510DD867,CUST-E240B6AF,5,Perfect fit and great build quality.,2023-07-11,35
REV-8ED27D32,PROD-7DFE211B,CUST-8DD8A86C,5,Perfect fit and great build quality.,2022-07-21,49
REV-91AD7EFF,PROD-84BE239B,CUST-899211E8,3,Gets the job done but could be better.,2024-10-15,30
REV-0CB6F96B,PROD-71C4E5EF,CUST-614146B9,5,"Top quality product, fast delivery.",2023-02-06,0
REV-833E24F3,PROD-BFF3526B,CUST-EFA73A12,5,Exceeded my expectations completely.,2022-11-15,1
REV-1FCE5311,PROD-8BC4BBBB,CUST-317D51C8,4,"Works as described, happy with it.",2023-01-09,12
REV-DE86619A,PROD-8F134EA0,CUST-4010C35F,5,Perfect fit and great build quality.,2023-01-04,50
REV-762E5E39,PROD-F8706B59,CUST-DDDEB6F6,4,"Solid product, would recommend.",2023-03-24,16
REV-C31A5AAF,PROD-F9231922,CUST-07BA7B8B,1,Broke after one week.,2023-04-26,15
REV-DA707C5B,PROD-A7D1FB77,CUST-8E59FFB9,5,Perfect fit and great build quality.,2023-06-21,39
REV-DD2A5CA9,PROD-6D2426CB,CUST-66CCB242,5,Exceeded my expectations completely.,2023-08-24,30
REV-75C211A1,PROD-3CD1952C,CUST-C11859AA,5,Exceeded my expectations completely.,2023-01-16,46
REV-70469B4C,PROD-8EA520A4,CUST-63214E32,4,"Works as described, happy with it.",2022-07-18,8
REV-906016C6,PROD-6D2426CB,CUST-C60D0C30,3,"Average product, nothing special.",2023-02-13,44
REV-9B314171,PROD-3AD6D727,CUST-60013048,5,Exceeded my expectations completely.,2023-01-20,48
REV-914CE89B,PROD-ABEABAEB,CUST-4E82A6A2,5,"Top quality product, fast delivery.",2022-10-20,13
REV-87F76665,PROD-510DD867,CUST-A7A6BBEF,5,Absolutely love it! Best purchase ever.,2024-02-10,37
REV-C1CC4D0C,PROD-D33AB38C,CUST-412B9C03,4,"Solid product, would recommend.",2023-05-06,20
REV-29191DCA,PROD-010E83D4,CUST-4CB5157D,5,"Top quality product, fast delivery.",2024-05-07,21
REV-D5EEF2E7,PROD-60974ED2,CUST-838A7229,2,Had some issues out of the box.,2023-04-28,27
REV-64AB0482,PROD-D33AB38C,CUST-B804C246,4,"Very good product, minor packaging issue.",2022-12-24,35
REV-C80D8AA5,PROD-790E63A6,CUST-0D147911,5,Absolutely love it! Best purchase ever.,2024-06-03,25
REV-9E1F9BA3,PROD-84BE239B,CUST-FE4A92BE,5,Exceeded my expectations completely.,2022-12-06,49
REV-27272B22,PROD-85AB6E7B,CUST-F0E511E2,5,Exceeded my expectations completely.,2023-10-18,28
REV-70F3F0DA,PROD-AB1FF945,CUST-53A1D623,4,"Very good product, minor packaging issue.",2023-07-30,46
REV-A09161D2,PROD-8D72CF50,CUST-E3630AB7,4,"Solid product, would recommend.",2023-07-17,19
REV-116307CF,PROD-1001130C,CUST-C668B17A,5,Perfect fit and great build quality.,2022-06-04,13
REV-9CB4843C,PROD-0637C0D8,CUST-B5C49A57,4,"Solid product, would recommend.",2024-08-25,2
REV-FBE40442,PROD-9A5F63AA,CUST-3449F549,3,Decent quality.,2022-10-17,40
REV-6082069A,PROD-8D72CF50,CUST-8FB674DF,3,Gets the job done but could be better.,2024-08-19,45
REV-2C442886,PROD-0637C0D8,CUST-92A4A8EB,3,Gets the job done but could be better.,2023-03-04,1
REV-B9573813,PROD-8BC4BBBB,CUST-D099FDE7,4,Good value for money.,2023-11-01,10
REV-8DF44FD0,PROD-661FE965,CUST-1599EF6E,4,Good value for money.,2024-01-04,0
REV-29E9A3C0,PROD-8BC4BBBB,CUST-C3BABFE9,5,Exceeded my expectations completely.,2022-06-15,2
REV-C320EB7E,PROD-6EA27620,CUST-5636E8B6,3,Decent quality.,2024-03-11,50
REV-16534C1F,PROD-6EA27620,CUST-A91835A3,5,"Top quality product, fast delivery.",2023-07-27,46
REV-353608EC,PROD-5FE65A3B,CUST-ECE790E1,2,Okay but overpriced.,2023-04-19,38
REV-D6B6C5AC,PROD-F42CBE35,CUST-E43BB839,4,"Very good product, minor packaging issue.",2023-11-18,13
REV-9FE31C7D,PROD-5FE65A3B,CUST-B6C8F29D,5,Perfect fit and great build quality.,2024-07-06,36
REV-4EFE9416,PROD-66419DA1,CUST-4CB5157D,5,Absolutely love it! Best purchase ever.,2023-02-19,38
REV-7853078F,PROD-1013CB12,CUST-B8E3127B,5,Absolutely love it! Best purchase ever.,2024-01-25,47
REV-0BE42689,PROD-9A5F63AA,CUST-D4D849B7,4,Good value for money.,2022-06-15,18
REV-E3A8ED28,PROD-F8706B59,CUST-D5A81739,4,"Solid product, would recommend.",2024-08-02,27
REV-964FB047,PROD-DADF29A3,CUST-92A4A8EB,3,Okay for the price.,2024-01-26,16
REV-2C04006A,PROD-BFF3526B,CUST-212175F7,5,Absolutely love it! Best purchase ever.,2022-11-08,45
REV-6A4ECEDF,PROD-6ACBDFF5,CUST-9DB5F5DB,4,"Very good product, minor packaging issue.",2024-04-07,6
REV-D4D3C819,PROD-44834CB1,CUST-5122D7CA,3,Decent quality.,2023-01-20,16
REV-1A5BE35C,PROD-E24CB8A4,CUST-8ECC09F0,1,Complete waste of money.,2023-08-22,47
REV-B3D592D6,PROD-261E2C48,CUST-1599EF6E,4,"Works as described, happy with it.",2024-09-14,37
REV-8E3806E6,PROD-97EA55D8,CUST-AAB011C2,5,Perfect fit and great build quality.,2023-04-04,11
REV-40705AE8,PROD-261E2C48,CUST-55178AEF,5,Perfect fit and great build quality.,2024-06-02,29
REV-66C4BEBE,PROD-99030BD0,CUST-7212DDAD,5,Exceeded my expectations completely.,2024-12-17,8
REV-539C1C1C,PROD-DF356D3A,CUST-6CE5C556,3,Gets the job done but could be better.,2022-07-30,21
REV-46CBD1D7,PROD-9D1B6633,CUST-9133F801,4,"Solid product, would recommend.",2023-11-17,3
REV-D08FCD84,PROD-E24CB8A4,CUST-EEB165DD,4,"Works as described, happy with it.",2024-05-15,46
REV-FB2FD46E,PROD-7DFE211B,CUST-3ED766FE,3,Decent quality.,2023-09-22,47
REV-C5A39659,PROD-963421E3,CUST-5174F20F,5,"Top quality product, fast delivery.",2023-07-06,1
REV-2598346B,PROD-8159C0A4,CUST-88F9A07F,5,Perfect fit and great build quality.,2024-05-04,28
REV-7D1E0377,PROD-A297628B,CUST-0EEE8D5B,4,"Solid product, would recommend.",2022-12-15,43
REV-67E4DA24,PROD-187B16A7,CUST-B28B0B95,4,"Solid product, would recommend.",2022-11-05,12
REV-8EA7DB1A,PROD-790E63A6,CUST-C838AFFE,4,"Very good product, minor packaging issue.",2024-01-09,9
REV-B0C1456C,PROD-60974ED2,CUST-3ED766FE,4,"Works as described, happy with it.",2022-06-08,6
REV-CC9BAF3E,PROD-4CA1DF0A,CUST-F80F0A1F,4,Good value for money.,2024-06-20,28
REV-E70D225C,PROD-6C8C7B4E,CUST-7FB6D1EF,4,Good value for money.,2023-05-05,31
REV-475107C8,PROD-ABEABAEB,CUST-F9C2AB10,4,"Solid product, would recommend.",2023-04-27,20
REV-AF51320E,PROD-4CA1DF0A,CUST-0E393329,5,Perfect fit and great build quality.,2023-05-27,6
REV-FE4C611B,PROD-6EFF520C,CUST-6F337490,5,Perfect fit and great build quality.,2023-08-16,17
REV-F0A1AEB2,PROD-0637C0D8,CUST-5AE6AFE6,1,Complete waste of money.,2023-05-12,33
REV-20C107FB,PROD-661FE965,CUST-6CB94C3B,5,Exceeded my expectations completely.,2023-03-26,43
REV-1361B0DE,PROD-E24CB8A4,CUST-D4475EDD,2,Had some issues out of the box.,2023-05-28,16
REV-AD0097F7,PROD-85AB6E7B,CUST-693B289D,3,Decent quality.,2024-10-30,19
REV-9EC6E0A6,PROD-A4CCDFA3,CUST-B2C80B3C,3,Gets the job done but could be better.,2023-03-31,0
REV-554DAA2C,PROD-E55B2CB4,CUST-1DDEB338,2,Had some issues out of the box.,2024-12-21,34
REV-61E50CDB,PROD-17DF18B5,CUST-95E92DA5,5,Exceeded my expectations completely.,2024-10-04,20
REV-74F444E6,PROD-F2B52A80,CUST-F01868AB,5,Absolutely love it! Best purchase ever.,2023-09-07,1
REV-1B64594D,PROD-6C8C7B4E,CUST-A70CB981,5,Absolutely love it! Best purchase ever.,2024-11-20,39
REV-9138DA7F,PROD-ECFDE58F,CUST-F0F49598,3,Okay for the price.,2023-11-07,41
REV-077A46D2,PROD-6EFF520C,CUST-85C71857,4,Good value for money.,2024-06-18,3
REV-1D079414,PROD-6ACBDFF5,CUST-4AD22C0C,4,"Very good product, minor packaging issue.",2024-02-14,49
REV-0D4DE642,PROD-3AD6D727,CUST-8D17B615,5,"Top quality product, fast delivery.",2024-04-15,37
REV-DFBFF929,PROD-8BC4BBBB,CUST-FC1F1C8F,1,"Very poor quality, not recommended.",2024-09-21,38
REV-2D39DD98,PROD-99030BD0,CUST-2F3BF899,4,"Solid product, would recommend.",2022-10-17,17
REV-C476A9D7,PROD-85AB6E7B,CUST-1E552254,3,Decent quality.,2022-09-21,13
REV-DBF4207C,PROD-A80DF571,CUST-FBC98D3B,4,"Very good product, minor packaging issue.",2023-04-02,20
REV-40603BF0,PROD-0E074139,CUST-53A1D623,5,"Top quality product, fast delivery.",2024-07-11,49
REV-17F8B694,PROD-99030BD0,CUST-D2C85F1F,4,"Very good product, minor packaging issue.",2024-01-08,20
REV-BF0DF630,PROD-8B0DE042,CUST-E1AFF3AB,4,Good value for money.,2024-04-24,1
REV-3832A4A7,PROD-CD51CEBB,CUST-28EF754F,5,Absolutely love it! Best purchase ever.,2022-10-22,42
REV-0B444D0E,PROD-187B16A7,CUST-3449F549,5,"Top quality product, fast delivery.",2023-03-04,9
REV-B49061FD,PROD-F2B52A80,CUST-977374FB,4,"Works as described, happy with it.",2022-09-01,22
REV-0E477D83,PROD-963421E3,CUST-92172702,5,Exceeded my expectations completely.,2023-05-07,33
REV-10EB2185,PROD-17DF18B5,CUST-B99C9A76,3,Okay for the price.,2024-10-12,19
REV-F3DEA732,PROD-F5D61492,CUST-78B27A90,3,Gets the job done but could be better.,2024-04-11,29
REV-EC77279E,PROD-6ACBDFF5,CUST-68B2CD79,4,"Solid product, would recommend.",2023-06-07,39
REV-29EC3681,PROD-AF5D54EE,CUST-F6D19C4F,4,Good value for money.,2022-08-08,32
REV-3FF79D14,PROD-ECFDE58F,CUST-36D6AC56,5,Exceeded my expectations completely.,2022-12-24,0
REV-8FA0CB0F,PROD-DADF29A3,CUST-940593B4,4,Good value for money.,2024-08-14,41
REV-0B5CC1B5,PROD-A7D1FB77,CUST-C76EB422,4,Good value for money.,2022-09-17,36
REV-AFBA52D0,PROD-84BE239B,CUST-8A0973CF,4,"Works as described, happy with it.",2022-11-20,27
REV-E697BE20,PROD-E24F5BD8,CUST-8D0B72D2,1,Complete waste of money.,2024-06-03,39
REV-CC785BBE,PROD-C0B127A9,CUST-0FF25348,5,Perfect fit and great build quality.,2024-10-06,30
REV-39987445,PROD-ABEABAEB,CUST-3FF948FC,3,"Average product, nothing special.",2024-10-17,28
REV-1B2ADED5,PROD-187B16A7,CUST-3480943B,3,Gets the job done but could be better.,2022-12-04,37
REV-997B37F8,PROD-71C4E5EF,CUST-568656F5,3,"Average product, nothing special.",2024-09-09,33
REV-AFD47779,PROD-71C4E5EF,CUST-B99C9A76,5,Exceeded my expectations completely.,2023-03-29,49
REV-27D701C7,PROD-51E64CDE,CUST-EB205B0D,2,Okay but overpriced.,2024-09-19,21
REV-96F306E3,PROD-661FE965,CUST-B804C246,4,"Very good product, minor packaging issue.",2023-08-05,9
REV-F7DCDBB3,PROD-CBD3D5EF,CUST-FC2984D5,3,Okay for the price.,2023-01-12,41
REV-F1ECDDA0,PROD-928A2A8B,CUST-25760997,4,"Very good product, minor packaging issue.",2022-11-03,10
REV-0F7D6536,PROD-5FE65A3B,CUST-0299D180,3,"Average product, nothing special.",2024-05-26,50
REV-AB78BC78,PROD-864E4B64,CUST-13634CDC,5,"Top quality product, fast delivery.",2024-11-10,45
REV-B828F6C6,PROD-928A2A8B,CUST-0299D180,4,Good value for money.,2024-09-07,29
REV-DCDB275E,PROD-CD51CEBB,CUST-65E79A70,5,"Top quality product, fast delivery.",2022-08-12,40
REV-6ABF6242,PROD-661FE965,CUST-A5D35B0D,5,"Top quality product, fast delivery.",2023-04-18,12
REV-6A768999,PROD-E24CB8A4,CUST-789D7114,4,"Very good product, minor packaging issue.",2024-10-11,28
REV-0E48A752,PROD-0E074139,CUST-88F9A07F,5,Absolutely love it! Best purchase ever.,2023-05-28,37
REV-305064B6,PROD-510DD867,CUST-07B479CA,2,Disappointed with the quality.,2023-12-24,37
REV-B7087B48,PROD-A4CCDFA3,CUST-C3B49F47,3,Gets the job done but could be better.,2022-11-19,25
REV-2E4CB08A,PROD-F8706B59,CUST-73C8EF9B,5,"Top quality product, fast delivery.",2023-12-16,32
REV-9212E1A1,PROD-F8706B59,CUST-B33CCF95,4,"Very good product, minor packaging issue.",2024-10-29,9
REV-F7DB2925,PROD-465980E0,CUST-F573AE61,5,Absolutely love it! Best purchase ever.,2022-11-02,15
REV-154D231D,PROD-677D768A,CUST-DA6736B5,4,"Very good product, minor packaging issue.",2024-03-08,50
REV-97C332BF,PROD-1001130C,CUST-23F3069C,4,Good value for money.,2024-06-25,5
REV-A9BA5F9B,PROD-0E06F972,CUST-3020A8C9,4,"Works as described, happy with it.",2024-01-02,41
REV-A664D6F7,PROD-ABEABAEB,CUST-6CE5C556,5,Perfect fit and great build quality.,2024-10-15,41
REV-71FDF54C,PROD-BFF3526B,CUST-4391E407,5,Exceeded my expectations completely.,2024-09-13,1
REV-A35FF282,PROD-99030BD0,CUST-74D0BED5,4,"Solid product, would recommend.",2023-07-03,45
REV-C7C34E72,PROD-963421E3,CUST-1A417357,5,Absolutely love it! Best purchase ever.,2022-07-19,29
REV-65CF6BA2,PROD-8B0DE042,CUST-AAED365B,4,"Works as described, happy with it.",2024-01-25,35
REV-42144D9E,PROD-7D011775,CUST-55450CA1,2,"Not as described, expected better.",2023-01-16,17
REV-63A2668E,PROD-A4CCDFA3,CUST-D98229A7,5,Perfect fit and great build quality.,2024-04-08,19
REV-42F66FE8,PROD-CBD3D5EF,CUST-07BA7B8B,4,"Very good product, minor packaging issue.",2023-02-04,45
REV-3D192111,PROD-661FE965,CUST-44D75839,3,Decent quality.,2023-09-15,32
REV-CFB14E67,PROD-ABEABAEB,CUST-FBC46F20,4,"Works as described, happy with it.",2022-12-13,21
REV-49AF1DF4,PROD-928A2A8B,CUST-5EFB64C3,4,"Solid product, would recommend.",2023-08-27,15
REV-4F559C41,PROD-C0B127A9,CUST-F6DA48E5,5,Exceeded my expectations completely.,2022-09-11,20
REV-43DF6F33,PROD-F2B52A80,CUST-D4F8E1A0,3,Decent quality.,2023-08-25,43
REV-E4BB381F,PROD-4CA1DF0A,CUST-72D241B0,5,Absolutely love it! Best purchase ever.,2023-11-20,30
REV-F5EE7886,PROD-8B0DE042,CUST-2FA161D2,4,Good value for money.,2024-05-28,17
REV-6655E1F1,PROD-C22492DC,CUST-57FD4798,3,Okay for the price.,2022-09-16,4
REV-0AB8A855,PROD-C22492DC,CUST-0E393329,3,Gets the job done but could be better.,2022-07-23,41
REV-35ED5316,PROD-677D768A,CUST-8EB3361A,5,Exceeded my expectations completely.,2023-01-19,41
REV-628565F1,PROD-0637C0D8,CUST-A3BC15F1,5,Perfect fit and great build quality.,2023-12-01,28
REV-91EB313A,PROD-A7D1FB77,CUST-789D7114,2,Disappointed with the quality.,2024-07-01,2
REV-0672CEEC,PROD-0CC2B486,CUST-1895B133,4,"Solid product, would recommend.",2024-02-23,28
REV-E278F3DE,PROD-8F134EA0,CUST-AA7CE85C,4,Good value for money.,2024-09-01,49
REV-E7874B3E,PROD-4CA1DF0A,CUST-B8E3127B,4,Good value for money.,2023-02-25,26
REV-CA791BF3,PROD-5FE65A3B,CUST-A9ECD251,5,"Top quality product, fast delivery.",2022-06-26,48
REV-0E17D1C2,PROD-864E4B64,CUST-FC2984D5,5,Perfect fit and great build quality.,2023-04-02,1
REV-47422DA5,PROD-AB1FF945,CUST-AAB011C2,2,"Not as described, expected better.",2024-02-18,20
REV-E06DF48A,PROD-510DD867,CUST-4C5B4121,4,"Works as described, happy with it.",2024-11-06,7
REV-6A4B2258,PROD-510DD867,CUST-EADD3A33,4,"Solid product, would recommend.",2024-05-24,10
REV-4FD4D576,PROD-8F134EA0,CUST-D98229A7,4,"Solid product, would recommend.",2023-01-26,6
REV-F8708EAE,PROD-F9231922,CUST-0EEE8D5B,4,"Works as described, happy with it.",2024-05-28,2
REV-B7626694,PROD-71C4E5EF,CUST-12438B01,2,Okay but overpriced.,2024-12-30,45
REV-E2F155D7,PROD-261E2C48,CUST-48151694,4,"Works as described, happy with it.",2023-01-19,11
REV-EBECE472,PROD-51E64CDE,CUST-F2A63230,3,Decent quality.,2022-08-10,35
REV-61C6664F,PROD-C2BB799F,CUST-EDA48EE8,3,Okay for the price.,2024-01-19,27
REV-03017E93,PROD-1001130C,CUST-F9C2AB10,5,Perfect fit and great build quality.,2024-12-19,13
REV-4FDC1ED0,PROD-60974ED2,CUST-E4F614E6,3,Gets the job done but could be better.,2024-05-27,16
REV-FFF06953,PROD-790E63A6,CUST-B0874519,4,Good value for money.,2023-12-10,18
REV-D1555232,PROD-99030BD0,CUST-140A8881,4,"Very good product, minor packaging issue.",2023-08-09,4
REV-A04F46D0,PROD-8EA520A4,CUST-5EFB64C3,4,"Works as described, happy with it.",2024-12-06,10
REV-16A85AD8,PROD-BFF3526B,CUST-085AF52B,2,Disappointed with the quality.,2024-03-23,18
REV-959B5FFC,PROD-BFF3526B,CUST-38C74BFA,5,"Top quality product, fast delivery.",2024-10-05,17
REV-B827A088,PROD-60974ED2,CUST-C89E76BB,4,"Very good product, minor packaging issue.",2024-05-23,37
REV-3B3E1447,PROD-F9231922,CUST-53A1D623,3,Gets the job done but could be better.,2024-09-08,28
REV-EBA71B6F,PROD-DADF29A3,CUST-CE69E91F,3,Okay for the price.,2023-12-01,25
REV-22886C2E,PROD-0E7593BC,CUST-143B0FBF,3,Okay for the price.,2024-07-29,1
REV-F27F448E,PROD-864E4B64,CUST-B807180B,5,"Top quality product, fast delivery.",2024-07-07,1
REV-409068D7,PROD-CD51CEBB,CUST-3480943B,4,"Works as described, happy with it.",2022-09-28,35
REV-CC27FCEC,PROD-661FE965,CUST-B1E36108,5,Perfect fit and great build quality.,2023-09-14,7
REV-00F02175,PROD-51E64CDE,CUST-D4475EDD,4,"Solid product, would recommend.",2023-08-20,4
REV-EA1F3D78,PROD-9A5F63AA,CUST-0D4667F7,1,Complete waste of money.,2024-12-24,15
REV-213BBC90,PROD-8D72CF50,CUST-FB50AA4B,3,Okay for the price.,2022-10-15,43
REV-B1C95133,PROD-8B0DE042,CUST-140A8881,4,"Very good product, minor packaging issue.",2022-08-14,13
REV-12E8C208,PROD-864E4B64,CUST-0D4F229C,5,Exceeded my expectations completely.,2024-11-29,26
REV-15625F91,PROD-3CD1952C,CUST-BF0C6036,4,"Very good product, minor packaging issue.",2022-09-05,30
REV-ECFE5464,PROD-A80DF571,CUST-C20FD74D,5,"Top quality product, fast delivery.",2022-11-01,40
REV-12868201,PROD-6EA27620,CUST-DFD75988,3,Decent quality.,2023-03-28,1
REV-E809DBD0,PROD-AB1FF945,CUST-C8E8D38C,4,Good value for money.,2022-08-04,29
REV-070A8781,PROD-A7D1FB77,CUST-CC1B13F4,3,Decent quality.,2023-08-19,19
REV-A9FF0E8E,PROD-51E64CDE,CUST-D4D849B7,2,Disappointed with the quality.,2022-09-21,35
REV-A6591D78,PROD-99030BD0,CUST-CFD93DA1,4,"Works as described, happy with it.",2023-06-24,13
REV-1B386F2B,PROD-CD51CEBB,CUST-FBC46F20,2,Okay but overpriced.,2024-06-22,41
REV-FA188DDD,PROD-A80DF571,CUST-8116ACAC,4,Good value for money.,2023-05-31,37
REV-4853D85C,PROD-6D2426CB,CUST-70B308FB,5,Perfect fit and great build quality.,2023-06-20,16
REV-CC9C7122,PROD-97EA55D8,CUST-C3B49F47,5,Absolutely love it! Best purchase ever.,2022-06-27,13
REV-EEFC84F9,PROD-7D011775,CUST-65E79A70,5,Absolutely love it! Best purchase ever.,2022-12-01,47
REV-C7C63B5E,PROD-8EA520A4,CUST-7212DDAD,5,Exceeded my expectations completely.,2024-09-29,50
REV-8DA7C931,PROD-44834CB1,CUST-C668B17A,5,"Top quality product, fast delivery.",2024-11-13,35
REV-F8E8482C,PROD-8F134EA0,CUST-DA6736B5,4,"Works as described, happy with it.",2024-01-08,0
REV-AAE8A642,PROD-0E7593BC,CUST-7D897851,3,Okay for the price.,2022-08-07,16
REV-6E83684A,PROD-66419DA1,CUST-B1E36108,5,Absolutely love it! Best purchase ever.,2023-06-18,43
REV-23E76F02,PROD-CD51CEBB,CUST-28EF754F,4,"Works as described, happy with it.",2022-10-31,22
REV-9C20FBFF,PROD-53B9F729,CUST-C76EB422,2,Had some issues out of the box.,2023-11-21,33
REV-0DB7EA4E,PROD-9A5F63AA,CUST-FE4A92BE,4,"Very good product, minor packaging issue.",2022-10-16,44
REV-38FB2F2C,PROD-6A13D41F,CUST-EEB3F9BB,1,Terrible customer support.,2023-03-20,15
REV-382104E2,PROD-8BC4BBBB,CUST-FBC1EF25,4,"Very good product, minor packaging issue.",2023-11-09,12
REV-F0B4DEB0,PROD-DF356D3A,CUST-BB544E12,2,Okay but overpriced.,2023-10-28,3
REV-3630ACCB,PROD-6ACBDFF5,CUST-547D1D86,2,"Not as described, expected better.",2022-08-27,19
REV-93788BE9,PROD-31695DC7,CUST-A9A9D366,3,"Average product, nothing special.",2022-08-06,16
REV-2A441DDB,PROD-465980E0,CUST-CF3E83AC,3,Gets the job done but could be better.,2022-11-22,40
REV-19494C9A,PROD-6A13D41F,CUST-70B308FB,2,Disappointed with the quality.,2023-12-14,29
REV-8BCC4F47,PROD-A80DF571,CUST-0CDCC963,2,Had some issues out of the box.,2024-03-08,33
REV-35A195E6,PROD-97EA55D8,CUST-72D241B0,3,Decent quality.,2024-07-19,29
REV-C2DDDD9B,PROD-6C8C7B4E,CUST-80919B1E,5,Absolutely love it! Best purchase ever.,2022-10-25,27
REV-B3ACE3B8,PROD-E55B2CB4,CUST-C8E8D38C,5,Absolutely love it! Best purchase ever.,2023-06-17,16
REV-FC224440,PROD-E55B2CB4,CUST-5EFB64C3,3,Gets the job done but could be better.,2022-07-05,3
REV-35832AFC,PROD-0637C0D8,CUST-D28048C0,3,Gets the job done but could be better.,2024-11-12,21
REV-C9D7E579,PROD-010E83D4,CUST-36D6AC56,5,Absolutely love it! Best purchase ever.,2024-04-22,20
REV-2C6613CA,PROD-E6123478,CUST-3449F549,5,"Top quality product, fast delivery.",2024-06-28,6
REV-1DCFCBD4,PROD-85AB6E7B,CUST-31B9C837,2,Had some issues out of the box.,2023-07-24,30
REV-EAB9467F,PROD-9A5F63AA,CUST-48A17AF8,1,Terrible customer support.,2023-04-24,47
REV-D315E09B,PROD-8F134EA0,CUST-A56D54BF,4,"Very good product, minor packaging issue.",2024-10-28,25
REV-23430B58,PROD-84BE239B,CUST-6D51D533,4,"Works as described, happy with it.",2022-10-10,8
REV-5E3D7FC9,PROD-66419DA1,CUST-3529C9BB,5,Absolutely love it! Best purchase ever.,2023-04-24,14
REV-659664D1,PROD-F42CBE35,CUST-212175F7,5,Exceeded my expectations completely.,2024-04-11,11
REV-E1F09CB3,PROD-51E64CDE,CUST-00A64FF6,1,"Very poor quality, not recommended.",2022-09-06,42
REV-88B428BF,PROD-F2B52A80,CUST-672DFF96,5,Absolutely love it! Best purchase ever.,2022-09-25,48
REV-8D0233FE,PROD-6ACBDFF5,CUST-DE7B5A47,3,Okay for the price.,2023-01-15,36
REV-8912A1DE,PROD-F5D61492,CUST-80919B1E,2,"Not as described, expected better.",2023-06-08,11
REV-50C115D5,PROD-AF5D54EE,CUST-B847C4BA,4,"Works as described, happy with it.",2022-11-10,15
REV-1E0B9E1C,PROD-C2BB799F,CUST-F007DE79,5,Perfect fit and great build quality.,2024-04-26,18
REV-730F6CDD,PROD-AB1FF945,CUST-43532D2D,3,Okay for the price.,2023-10-26,25
REV-564FDFB4,PROD-97EA55D8,CUST-51DD227A,3,Gets the job done but could be better.,2023-08-13,50
REV-6F3C5995,PROD-53B9F729,CUST-EEB3F9BB,1,Complete waste of money.,2023-08-14,12
REV-71683C87,PROD-0637C0D8,CUST-F01868AB,3,Decent quality.,2023-02-09,27
REV-45CEF5A5,PROD-D58C3016,CUST-12D3C02B,5,Exceeded my expectations completely.,2023-03-11,42
REV-0342F0FD,PROD-E24F5BD8,CUST-7EDB390D,4,"Solid product, would recommend.",2024-09-28,14
REV-0A9740F0,PROD-71C4E5EF,CUST-F007DE79,4,"Works as described, happy with it.",2023-06-28,25
REV-0A4F3AE8,PROD-010E83D4,CUST-EFA73A12,4,"Very good product, minor packaging issue.",2023-03-01,31
REV-52F04107,PROD-60974ED2,CUST-17F27F62,5,Exceeded my expectations completely.,2023-06-14,50
REV-A2F92CEA,PROD-A4CCDFA3,CUST-5A3A680D,3,Gets the job done but could be better.,2023-08-01,19
REV-1E725D0D,PROD-D58C3016,CUST-FBC46F20,2,Okay but overpriced.,2023-01-11,15
REV-DD476BBF,PROD-CD51CEBB,CUST-C89E76BB,4,Good value for money.,2022-11-11,18
REV-65443082,PROD-ECFDE58F,CUST-CA18B190,5,Perfect fit and great build quality.,2023-08-19,46
REV-41276CE6,PROD-F5D61492,CUST-641A0356,3,Okay for the price.,2023-12-27,37
REV-D889E058,PROD-6C8C7B4E,CUST-72D241B0,4,Good value for money.,2024-07-05,15
REV-69B624F5,PROD-E55B2CB4,CUST-1895B133,3,Gets the job done but could be better.,2023-10-19,37
REV-1D007DB4,PROD-677D768A,CUST-641A0356,3,Gets the job done but could be better.,2022-08-23,10
REV-80E3ECEB,PROD-661FE965,CUST-7FB6D1EF,4,"Works as described, happy with it.",2024-07-02,40
REV-4106DFF7,PROD-8B0DE042,CUST-65E79A70,4,Good value for money.,2023-01-04,42
REV-14955903,PROD-7D011775,CUST-70A90294,3,Gets the job done but could be better.,2023-02-08,42
REV-80EF9938,PROD-6C8C7B4E,CUST-580E9DD2,4,"Very good product, minor packaging issue.",2023-07-08,46
REV-FBAD2661,PROD-9D1B6633,CUST-DDDEB6F6,4,"Solid product, would recommend.",2024-01-26,40
REV-964AB42B,PROD-D33AB38C,CUST-8EB3361A,3,"Average product, nothing special.",2023-07-31,6
REV-3A6428BD,PROD-8B0DE042,CUST-19070333,4,"Very good product, minor packaging issue.",2022-09-12,25
REV-CDA27085,PROD-A4CCDFA3,CUST-F135F62A,5,Exceeded my expectations completely.,2024-05-12,29
REV-12774B43,PROD-84BE239B,CUST-C60D0C30,2,Had some issues out of the box.,2024-09-03,13
REV-C3F2A2A7,PROD-51E64CDE,CUST-1547474C,4,"Solid product, would recommend.",2024-05-08,10
REV-78F03CAD,PROD-187B16A7,CUST-ACE63D16,5,Absolutely love it! Best purchase ever.,2023-03-08,34
REV-652764BF,PROD-465980E0,CUST-F10F432C,4,"Very good product, minor packaging issue.",2023-12-22,8
REV-ECB2AA76,PROD-66419DA1,CUST-E1AFF3AB,4,"Works as described, happy with it.",2022-09-29,8
REV-F5DDD441,PROD-44834CB1,CUST-513C4F9A,5,Exceeded my expectations completely.,2024-01-28,49
REV-0714CB33,PROD-0CC2B486,CUST-513C4F9A,3,Okay for the price.,2023-04-28,41
REV-82680053,PROD-8F134EA0,CUST-4308FB13,3,Okay for the price.,2023-07-03,44
REV-74E7E191,PROD-6EA27620,CUST-6D51D533,3,Okay for the price.,2024-02-03,6
REV-BD69F8AE,PROD-CD51CEBB,CUST-7F4354A9,4,Good value for money.,2022-06-12,13
REV-DD918515,PROD-5FE65A3B,CUST-08BD49EF,4,"Very good product, minor packaging issue.",2024-04-14,7
REV-42E12AAD,PROD-6C8C7B4E,CUST-BD75547B,3,Gets the job done but could be better.,2024-06-05,18
REV-0D5F4DDE,PROD-71C4E5EF,CUST-0F509F24,4,"Solid product, would recommend.",2023-09-06,43
REV-678FBDBC,PROD-7D011775,CUST-4AD22C0C,1,Broke after one week.,2023-05-03,14
REV-C7EE0C07,PROD-8D72CF50,CUST-B074C517,4,"Solid product, would recommend.",2022-09-19,10
REV-BBFD822E,PROD-5FE65A3B,CUST-0371CE4A,3,"Average product, nothing special.",2023-07-16,49
REV-500E79B6,PROD-A297628B,CUST-07B479CA,5,"Top quality product, fast delivery.",2024-06-18,37
REV-8D4AEE62,PROD-31695DC7,CUST-A70CB981,1,Broke after one week.,2023-01-24,17
REV-D4F10D13,PROD-AB1FF945,CUST-4F3606C9,5,Perfect fit and great build quality.,2024-10-01,30
REV-06C8751C,PROD-F8706B59,CUST-7D897851,4,Good value for money.,2023-11-29,50
REV-4C9387B8,PROD-F2B52A80,CUST-29051638,2,Okay but overpriced.,2022-08-30,46
REV-40D88C37,PROD-E24CB8A4,CUST-66F6D161,2,Had some issues out of the box.,2023-10-19,38
REV-3B336910,PROD-E24CB8A4,CUST-E57B9FE0,3,"Average product, nothing special.",2022-09-15,25
REV-8DDBB55C,PROD-44834CB1,CUST-70A3C4C0,1,"Very poor quality, not recommended.",2024-07-30,1
REV-15791291,PROD-C22492DC,CUST-F135F62A,1,Broke after one week.,2024-12-02,2
REV-0F54BB05,PROD-F9231922,CUST-C3BABFE9,3,Gets the job done but could be better.,2024-10-21,26
REV-2B8818CA,PROD-6EA27620,CUST-83E9CBD2,5,Absolutely love it! Best purchase ever.,2024-07-05,4
REV-16BEC2A9,PROD-D33AB38C,CUST-70AADADD,5,Exceeded my expectations completely.,2023-03-26,9
REV-2530023F,PROD-E55B2CB4,CUST-66CCB242,2,Okay but overpriced.,2023-04-06,35
REV-4C6C0141,PROD-85AB6E7B,CUST-1547474C,3,Okay for the price.,2023-04-23,12
REV-F02FC3B1,PROD-8FD1797E,CUST-C76EB422,2,Had some issues out of the box.,2024-01-01,42
REV-04F96319,PROD-F42CBE35,CUST-3020A8C9,2,"Not as described, expected better.",2024-12-29,34
REV-AA8434A7,PROD-31695DC7,CUST-65E79A70,4,"Solid product, would recommend.",2022-09-10,44
REV-671F0BEC,PROD-510DD867,CUST-82072AC3,5,Exceeded my expectations completely.,2024-11-14,8
REV-CA4B6EC2,PROD-BFF3526B,CUST-EEB3F9BB,5,"Top quality product, fast delivery.",2024-10-15,1
REV-C8D9DF82,PROD-97EA55D8,CUST-FF04FDC2,5,Perfect fit and great build quality.,2024-04-16,0
REV-4DDC6957,PROD-ABEABAEB,CUST-1E552254,3,"Average product, nothing special.",2023-03-24,5
REV-70EC77D3,PROD-6ACBDFF5,CUST-0FF25348,2,Okay but overpriced.,2023-04-21,8
REV-7A1AF424,PROD-E24CB8A4,CUST-F24E556E,5,Exceeded my expectations completely.,2023-08-21,30
REV-750B5849,PROD-7DFE211B,CUST-44D75839,5,Perfect fit and great build quality.,2023-03-29,27
REV-893EFF84,PROD-E24CB8A4,CUST-8701EFC9,3,"Average product, nothing special.",2022-07-09,40
REV-C24F8B8F,PROD-A80DF571,CUST-77EE3ECE,4,"Very good product, minor packaging issue.",2024-04-04,24
REV-1DA764BF,PROD-5FE65A3B,CUST-5B1F53D3,2,"Not as described, expected better.",2023-02-11,41
REV-FA0AE736,PROD-A33EDC24,CUST-D540071F,3,"Average product, nothing special.",2022-08-17,45
REV-2D3230DB,PROD-010E83D4,CUST-F637CE5E,3,Decent quality.,2022-07-23,26
REV-F11BD36D,PROD-8BC4BBBB,CUST-8B15ED68,4,"Works as described, happy with it.",2023-07-03,4
REV-96095555,PROD-C2BB799F,CUST-D4D849B7,4,Good value for money.,2023-05-12,10
REV-1223A545,PROD-6EFF520C,CUST-0487E461,5,Perfect fit and great build quality.,2024-06-27,19
REV-97D46725,PROD-187B16A7,CUST-00A64FF6,5,"Top quality product, fast delivery.",2023-03-17,31
REV-D2B0E348,PROD-3AD6D727,CUST-8E59FFB9,5,Perfect fit and great build quality.,2024-01-19,34
REV-DBE1DB9F,PROD-A80DF571,CUST-5417B9A7,4,Good value for money.,2023-08-11,24
REV-A359251B,PROD-1013CB12,CUST-B1AC79AB,4,"Works as described, happy with it.",2022-07-30,1
REV-8A96F287,PROD-F42CBE35,CUST-E1B5E26D,4,Good value for money.,2023-08-18,28
REV-1A048BC6,PROD-6EA27620,CUST-E43BB839,3,Decent quality.,2023-06-08,49
REV-2F6B113B,PROD-8F134EA0,CUST-D9CB0086,4,"Works as described, happy with it.",2023-09-03,40
REV-8A198908,PROD-CBD3D5EF,CUST-7AA1330B,5,Perfect fit and great build quality.,2023-07-19,8
REV-A8AE8FC0,PROD-E24F5BD8,CUST-085AF52B,5,"Top quality product, fast delivery.",2022-06-27,16
REV-2293B96B,PROD-6A13D41F,CUST-4F3606C9,4,"Very good product, minor packaging issue.",2024-04-10,2
REV-EFFE918D,PROD-66419DA1,CUST-51F8657D,2,"Not as described, expected better.",2022-06-06,24
REV-B8358F4F,PROD-661FE965,CUST-7F4354A9,4,"Works as described, happy with it.",2023-02-22,2
REV-C1F03E36,PROD-A4CCDFA3,CUST-334365C9,5,Absolutely love it! Best purchase ever.,2024-11-14,0
REV-843749D7,PROD-6C8C7B4E,CUST-53646B56,1,"Very poor quality, not recommended.",2024-04-19,17
REV-53016A1D,PROD-BFF3526B,CUST-70B308FB,5,Exceeded my expectations completely.,2023-12-02,9
REV-7224A9DF,PROD-6C8C7B4E,CUST-3449F549,1,Broke after one week.,2023-10-27,46
REV-E38DD535,PROD-A33EDC24,CUST-BE03F72A,2,"Not as described, expected better.",2022-10-22,14
REV-DE6F65D8,PROD-8F134EA0,CUST-DA6736B5,2,"Not as described, expected better.",2023-12-22,9
REV-B8184EEE,PROD-6ACBDFF5,CUST-4E82A6A2,3,Gets the job done but could be better.,2023-05-01,9
REV-D37376A3,PROD-4CA1DF0A,CUST-55450CA1,4,Good value for money.,2022-07-03,0
REV-353D42A8,PROD-8D72CF50,CUST-FC2984D5,3,Decent quality.,2023-09-07,38
REV-85CC6D95,PROD-F5D61492,CUST-568656F5,5,Absolutely love it! Best purchase ever.,2024-05-22,7
REV-24C6459C,PROD-A33EDC24,CUST-99577116,5,Absolutely love it! Best purchase ever.,2024-09-23,49
REV-E6EFC756,PROD-9A5F63AA,CUST-0FDDA671,3,Gets the job done but could be better.,2022-10-28,10
REV-C5088ADA,PROD-DF356D3A,CUST-9D9BE574,5,Exceeded my expectations completely.,2024-09-23,0
REV-E3FB471F,PROD-8BC4BBBB,CUST-9A0358BF,5,Absolutely love it! Best purchase ever.,2024-03-16,44
REV-4942A0C3,PROD-E24F5BD8,CUST-7D897851,5,Perfect fit and great build quality.,2023-12-22,2
REV-F539C3B3,PROD-0E074139,CUST-B33CCF95,4,"Works as described, happy with it.",2022-06-30,8
REV-1B1BB58C,PROD-17DF18B5,CUST-672DFF96,5,Absolutely love it! Best purchase ever.,2022-06-25,19
REV-D319738C,PROD-44834CB1,CUST-36D6AC56,2,Okay but overpriced.,2023-02-04,19
REV-C5530D9E,PROD-010E83D4,CUST-9B97F9A4,2,"Not as described, expected better.",2024-08-14,48
REV-4A560AD2,PROD-BFF3526B,CUST-75E094B9,4,Good value for money.,2023-03-22,30
REV-BCBD8CA4,PROD-CBD3D5EF,CUST-55259643,4,"Works as described, happy with it.",2023-12-16,2
REV-B8B8FBF1,PROD-A4CCDFA3,CUST-BD4DDF9A,3,Okay for the price.,2022-06-24,24
REV-2DBB8137,PROD-A33EDC24,CUST-A5D35B0D,3,"Average product, nothing special.",2024-04-20,14
REV-5B4B37EE,PROD-CD51CEBB,CUST-F24E556E,4,"Very good product, minor packaging issue.",2024-04-14,9
REV-CC729090,PROD-3CD1952C,CUST-FC2984D5,2,Had some issues out of the box.,2023-02-12,15
REV-0A8AB556,PROD-6EA27620,CUST-049A4350,5,Absolutely love it! Best purchase ever.,2023-04-23,21
REV-7CA0585C,PROD-A33EDC24,CUST-83E9CBD2,4,"Solid product, would recommend.",2024-08-12,23
REV-5474CC21,PROD-C22492DC,CUST-C89E76BB,4,"Very good product, minor packaging issue.",2023-12-10,48
REV-B01BC398,PROD-5FE65A3B,CUST-8F3B6F9D,3,"Average product, nothing special.",2024-10-02,26
REV-467090D9,PROD-8BC4BBBB,CUST-7E51E448,4,"Very good product, minor packaging issue.",2024-05-07,19
REV-20CC9CBE,PROD-85AB6E7B,CUST-8EF98BD8,4,"Solid product, would recommend.",2022-06-16,24
REV-46ACCB5E,PROD-0637C0D8,CUST-6803B1B9,2,Okay but overpriced.,2023-08-05,29
REV-92FB24BF,PROD-928A2A8B,CUST-0487E461,3,Decent quality.,2023-06-16,28
REV-E58A0FDF,PROD-31695DC7,CUST-F573AE61,5,"Top quality product, fast delivery.",2022-10-26,28
REV-F717D865,PROD-8B0DE042,CUST-46004E7A,4,"Very good product, minor packaging issue.",2023-04-03,37
REV-3047ECB3,PROD-8FD1797E,CUST-00A64FF6,5,"Top quality product, fast delivery.",2023-01-12,40
REV-9615C090,PROD-66419DA1,CUST-A70CB981,1,Complete waste of money.,2024-06-10,25
REV-69D10BCE,PROD-261E2C48,CUST-8FB674DF,4,"Solid product, would recommend.",2023-03-30,17
REV-A1140CBB,PROD-510DD867,CUST-7F4354A9,3,Okay for the price.,2023-04-27,0
REV-6D42B424,PROD-6D2426CB,CUST-28FF33A3,4,"Works as described, happy with it.",2024-12-09,16
REV-5D17F9ED,PROD-97EA55D8,CUST-95E92DA5,3,"Average product, nothing special.",2024-07-25,2
REV-F3AA9060,PROD-CBD3D5EF,CUST-4B532F33,3,Okay for the price.,2023-04-12,7
REV-A855869E,PROD-8EA520A4,CUST-0C20BB09,5,Perfect fit and great build quality.,2024-02-05,6
REV-AC9901B4,PROD-8EA520A4,CUST-13634CDC,3,Gets the job done but could be better.,2023-03-16,37
REV-1C0DA916,PROD-60974ED2,CUST-693B289D,5,Perfect fit and great build quality.,2023-12-29,24
REV-9DE446FD,PROD-66419DA1,CUST-71713398,1,Terrible customer support.,2023-09-07,3
REV-4CF7E00F,PROD-AB1FF945,CUST-1418A0A2,3,Okay for the price.,2024-02-26,50
REV-EDE40659,PROD-963421E3,CUST-B192AFB4,3,Decent quality.,2022-12-03,14
REV-696A5F5F,PROD-8159C0A4,CUST-8FB674DF,5,Exceeded my expectations completely.,2023-11-20,24
REV-AEF784C9,PROD-66419DA1,CUST-CC370973,3,Okay for the price.,2024-02-10,27
REV-483F4C62,PROD-3CD1952C,CUST-3DFF790B,4,"Very good product, minor packaging issue.",2023-08-28,10
REV-EDDBB959,PROD-9D1B6633,CUST-F019CEC4,2,"Not as described, expected better.",2024-02-05,8
REV-6A566A73,PROD-1001130C,CUST-F8244B1E,5,Absolutely love it! Best purchase ever.,2023-07-23,29
REV-4CEBF0DC,PROD-6EFF520C,CUST-FF04FDC2,4,"Very good product, minor packaging issue.",2023-06-03,43
REV-C019D4AB,PROD-6EFF520C,CUST-5CAAD97D,3,Gets the job done but could be better.,2023-06-27,38
REV-94CC7B02,PROD-187B16A7,CUST-6B7FC470,3,Okay for the price.,2022-10-08,22
REV-E0EEF04E,PROD-AB1FF945,CUST-CC99A501,5,Exceeded my expectations completely.,2024-01-22,10
REV-D5F4F2A7,PROD-97EA55D8,CUST-BEEB0CF1,4,Good value for money.,2022-06-08,11
REV-65CB933B,PROD-661FE965,CUST-80E21C8B,3,"Average product, nothing special.",2022-09-17,36
REV-377307FC,PROD-84BE239B,CUST-8D17B615,3,Decent quality.,2024-02-24,14
REV-3932D25A,PROD-99030BD0,CUST-9B7F4C67,4,"Very good product, minor packaging issue.",2022-06-03,3
REV-194A01E1,PROD-6D2426CB,CUST-E5990E88,4,Good value for money.,2023-08-15,6
REV-181D7FF6,PROD-6D2426CB,CUST-F6DA48E5,4,Good value for money.,2023-06-21,45
REV-0764E61D,PROD-66419DA1,CUST-FDFC002F,5,Perfect fit and great build quality.,2022-08-05,32
REV-B76E68F9,PROD-4CA1DF0A,CUST-77EE3ECE,5,"Top quality product, fast delivery.",2022-06-03,46
REV-27A7F28F,PROD-3CD1952C,CUST-6CABAEC4,4,"Works as described, happy with it.",2023-01-19,0
REV-66120E5B,PROD-A33EDC24,CUST-F49D95BF,3,Okay for the price.,2022-10-18,47
REV-2B6A93E5,PROD-60974ED2,CUST-63214E32,3,Gets the job done but could be better.,2023-09-20,50
REV-0F072694,PROD-E24CB8A4,CUST-D540071F,4,Good value for money.,2023-06-21,18
REV-FE083E85,PROD-44834CB1,CUST-E17F282D,4,"Works as described, happy with it.",2023-08-29,0
REV-B256E87B,PROD-790E63A6,CUST-523ECF2A,5,"Top quality product, fast delivery.",2024-07-15,22
REV-CC28406C,PROD-A80DF571,CUST-FDFC002F,3,"Average product, nothing special.",2024-12-29,5
REV-0A37172B,PROD-510DD867,CUST-A154EDC2,4,"Solid product, would recommend.",2024-05-29,27
REV-96AC9E23,PROD-A33EDC24,CUST-7EDB390D,3,Gets the job done but could be better.,2024-03-25,48
REV-3FFB4FE0,PROD-DADF29A3,CUST-31B9C837,4,"Works as described, happy with it.",2023-12-20,5
REV-7B705693,PROD-8159C0A4,CUST-4D900DB0,5,Absolutely love it! Best purchase ever.,2023-07-22,42
REV-1150F074,PROD-3CD1952C,CUST-1547474C,2,"Not as described, expected better.",2022-10-14,15
REV-2C8914BC,PROD-AF5D54EE,CUST-0AAE5BC2,2,Had some issues out of the box.,2024-03-03,35
REV-17F8B11F,PROD-0CC2B486,CUST-A35384D9,4,"Solid product, would recommend.",2024-03-06,30
REV-B42F75D3,PROD-F8706B59,CUST-F007DE79,4,"Works as described, happy with it.",2022-10-17,9
REV-AE9E1126,PROD-99030BD0,CUST-AC8C4B83,3,Decent quality.,2024-01-21,9
REV-5615A019,PROD-E6123478,CUST-B1E36108,2,Okay but overpriced.,2024-03-24,32
REV-F6419E0F,PROD-8B0DE042,CUST-48B77AE5,4,"Solid product, would recommend.",2022-08-25,5
REV-F9A737F4,PROD-85AB6E7B,CUST-55450CA1,3,Decent quality.,2022-12-15,1
REV-49E92FD9,PROD-84BE239B,CUST-CA2CA84E,1,Terrible customer support.,2024-07-31,15
REV-099CBA55,PROD-6ACBDFF5,CUST-DDDEB6F6,4,"Works as described, happy with it.",2024-11-11,15
REV-FFB8A315,PROD-E24CB8A4,CUST-E43BB839,5,Exceeded my expectations completely.,2023-02-21,27
REV-C29FD1E6,PROD-1013CB12,CUST-672DFF96,3,Gets the job done but could be better.,2023-06-25,39
REV-DB5990D1,PROD-465980E0,CUST-F1E8BF1D,3,Decent quality.,2022-09-14,31
REV-A6F10ED5,PROD-E55B2CB4,CUST-977374FB,4,"Solid product, would recommend.",2023-07-28,21
REV-40DCEB46,PROD-8EA520A4,CUST-8F3B6F9D,4,"Works as described, happy with it.",2024-12-28,33
REV-99CB3F7C,PROD-BFF3526B,CUST-7F2AFB08,2,Okay but overpriced.,2024-04-14,1
REV-E6E73D95,PROD-4CA1DF0A,CUST-97A90057,5,Perfect fit and great build quality.,2023-07-08,18
REV-80D6D866,PROD-0CC2B486,CUST-FC3B15A3,3,Okay for the price.,2024-11-09,23
REV-35117E46,PROD-8F134EA0,CUST-32882E29,2,"Not as described, expected better.",2023-03-14,20
REV-1F0BD890,PROD-8B0DE042,CUST-B807180B,5,Exceeded my expectations completely.,2023-10-14,23
REV-42C45879,PROD-9A5F63AA,CUST-75E094B9,4,"Solid product, would recommend.",2024-02-19,30
REV-53ED6706,PROD-53B9F729,CUST-DE99F4A6,5,Perfect fit and great build quality.,2023-11-06,18
REV-17891488,PROD-261E2C48,CUST-71713398,4,Good value for money.,2024-09-11,36
REV-AA9CFCD3,PROD-7DFE211B,CUST-C3BABFE9,3,"Average product, nothing special.",2022-06-23,19
REV-16F19851,PROD-E6123478,CUST-13634CDC,4,"Very good product, minor packaging issue.",2023-07-29,37
REV-AE559429,PROD-A297628B,CUST-46004E7A,2,Okay but overpriced.,2023-06-28,34
REV-DC206E8B,PROD-AF5D54EE,CUST-D5A81739,5,Absolutely love it! Best purchase ever.,2024-11-04,26
REV-8C8CBFD4,PROD-928A2A8B,CUST-F19BC959,5,Perfect fit and great build quality.,2024-05-29,31
REV-17FAB545,PROD-F5D61492,CUST-9C385E3B,3,Decent quality.,2024-05-20,1
REV-5B00D561,PROD-CD51CEBB,CUST-0D4F68FD,4,"Works as described, happy with it.",2023-02-19,43
REV-3C31674F,PROD-E6123478,CUST-9CF6F0F8,5,Exceeded my expectations completely.,2024-01-11,7
REV-8D721F18,PROD-7DFE211B,CUST-F80F0A1F,3,"Average product, nothing special.",2022-12-08,9
REV-D37E3636,PROD-9D1B6633,CUST-7D9BAFCC,5,Perfect fit and great build quality.,2023-09-16,35
REV-C36FA288,PROD-187B16A7,CUST-5B1F53D3,5,"Top quality product, fast delivery.",2023-10-18,46
REV-2E8CB920,PROD-E6123478,CUST-36A794A2,4,"Very good product, minor packaging issue.",2024-11-01,33
REV-5409FC89,PROD-0637C0D8,CUST-722EC527,3,"Average product, nothing special.",2022-12-26,14
REV-E29615F9,PROD-DF356D3A,CUST-FB50AA4B,4,"Very good product, minor packaging issue.",2023-03-27,28
REV-5250CE58,PROD-8F134EA0,CUST-0EEE8D5B,4,"Works as described, happy with it.",2022-12-15,28
REV-DDA44CBC,PROD-85AB6E7B,CUST-BAB7A25E,4,"Very good product, minor packaging issue.",2024-01-03,44
REV-5A218C21,PROD-9A5F63AA,CUST-7212DDAD,5,Perfect fit and great build quality.,2023-10-13,25
REV-7C44EE0D,PROD-0CC2B486,CUST-5EFB64C3,5,Perfect fit and great build quality.,2022-12-19,26
REV-7797A5A9,PROD-E6123478,CUST-80396738,4,"Solid product, would recommend.",2022-12-23,0
REV-82523CA3,PROD-E6123478,CUST-A91835A3,2,"Not as described, expected better.",2022-06-28,3
REV-5BD5950A,PROD-ABEABAEB,CUST-B192AFB4,5,"Top quality product, fast delivery.",2022-10-08,24
REV-936EE613,PROD-0E06F972,CUST-53A1D623,5,Exceeded my expectations completely.,2024-07-10,13
REV-A2DC4BD6,PROD-928A2A8B,CUST-BD4DDF9A,4,"Solid product, would recommend.",2022-06-24,50
REV-E3DA8150,PROD-0E06F972,CUST-F50E08A0,4,"Solid product, would recommend.",2023-10-24,46
REV-668CC408,PROD-31695DC7,CUST-C89E76BB,5,Exceeded my expectations completely.,2023-06-26,0
REV-C0DBB757,PROD-C2BB799F,CUST-55450CA1,5,"Top quality product, fast delivery.",2024-11-29,27
REV-AE0C9590,PROD-963421E3,CUST-FB50AA4B,5,Absolutely love it! Best purchase ever.,2023-12-28,23
REV-2848CBFC,PROD-66419DA1,CUST-7E51E448,5,Absolutely love it! Best purchase ever.,2022-09-25,12
REV-FF1B1A3E,PROD-3CD1952C,CUST-6BFE99E9,2,Disappointed with the quality.,2024-12-16,36
REV-5BAE2BC1,PROD-7DFE211B,CUST-C838AFFE,5,Absolutely love it! Best purchase ever.,2022-08-19,6
REV-7925F8DF,PROD-9D1B6633,CUST-0AAE5BC2,5,Absolutely love it! Best purchase ever.,2023-09-30,22
REV-A8E12D8F,PROD-DF356D3A,CUST-3A040905,5,Absolutely love it! Best purchase ever.,2023-12-06,3
REV-D931AD84,PROD-DF356D3A,CUST-3C7C2B92,3,"Average product, nothing special.",2023-03-20,16
REV-1A0865E4,PROD-8FD1797E,CUST-73A8C853,4,"Very good product, minor packaging issue.",2023-03-06,15
REV-E8D6683A,PROD-6EA27620,CUST-5AE6AFE6,2,Okay but overpriced.,2022-08-17,43
REV-7623E51E,PROD-010E83D4,CUST-5636E8B6,3,"Average product, nothing special.",2023-03-09,32
REV-9932D99E,PROD-465980E0,CUST-F8FAA68C,4,"Solid product, would recommend.",2023-04-24,22
REV-F2F8E8D7,PROD-E55B2CB4,CUST-D4F3448A,4,"Very good product, minor packaging issue.",2022-09-14,25
REV-FE26E507,PROD-9A5F63AA,CUST-343A463E,4,Good value for money.,2023-09-02,7
REV-97CC5273,PROD-928A2A8B,CUST-B5953ECB,4,Good value for money.,2022-07-07,5
REV-19BC3E45,PROD-D33AB38C,CUST-3529C9BB,5,Exceeded my expectations completely.,2024-11-26,29
REV-D1B8A833,PROD-677D768A,CUST-085AF52B,5,Exceeded my expectations completely.,2023-10-09,44
REV-D76D27DF,PROD-71C4E5EF,CUST-E2080DB5,2,Okay but overpriced.,2023-11-11,24
REV-2C5AF1C1,PROD-ABEABAEB,CUST-60013048,4,"Very good product, minor packaging issue.",2022-08-27,36
REV-8DEE09B1,PROD-60974ED2,CUST-963FC8F1,4,Good value for money.,2024-01-15,47
REV-0775EB58,PROD-E55B2CB4,CUST-D98229A7,5,Exceeded my expectations completely.,2022-11-11,26
REV-FC968F18,PROD-F2B52A80,CUST-1FEFC060,2,Okay but overpriced.,2024-11-02,1
REV-059B63E7,PROD-6ACBDFF5,CUST-E43BB839,3,Decent quality.,2022-12-12,16
REV-13E745B8,PROD-0E06F972,CUST-9133F801,4,Good value for money.,2023-08-07,20
REV-5A3E37F2,PROD-85AB6E7B,CUST-D92E4C5B,4,Good value for money.,2023-02-08,23
REV-7B11624C,PROD-84BE239B,CUST-70A3C4C0,5,Exceeded my expectations completely.,2023-03-17,10
REV-053BC19E,PROD-8F134EA0,CUST-80E21C8B,4,"Solid product, would recommend.",2024-12-14,49
REV-D53D6558,PROD-010E83D4,CUST-94AE1E77,5,Absolutely love it! Best purchase ever.,2022-08-08,43
REV-4EBC3A23,PROD-ECFDE58F,CUST-5BED70E7,3,Gets the job done but could be better.,2023-08-13,35
REV-20DD0C57,PROD-F8706B59,CUST-45A04A03,4,"Works as described, happy with it.",2022-06-07,9
REV-01CE4862,PROD-8EA520A4,CUST-53A1D623,5,Exceeded my expectations completely.,2024-12-09,29
REV-66AE03A3,PROD-60974ED2,CUST-7BDE58DA,3,Okay for the price.,2023-02-17,20
REV-B70B63AC,PROD-7DFE211B,CUST-6CABAEC4,2,Disappointed with the quality.,2022-11-16,20
REV-A6B51C91,PROD-ABEABAEB,CUST-6BFE99E9,2,Okay but overpriced.,2023-08-11,6
REV-9DC96CCA,PROD-187B16A7,CUST-BB544E12,5,Perfect fit and great build quality.,2024-09-15,12
REV-927A8D0C,PROD-187B16A7,CUST-5174F20F,5,Perfect fit and great build quality.,2022-10-07,46
REV-86124A8F,PROD-CBD3D5EF,CUST-6CF7373B,5,Exceeded my expectations completely.,2023-12-21,45
REV-D1D8BAD5,PROD-465980E0,CUST-3BE26B32,5,Perfect fit and great build quality.,2023-09-24,29
REV-A48BAE8A,PROD-AF5D54EE,CUST-DFD75988,5,"Top quality product, fast delivery.",2022-10-22,20
REV-9FAA7A10,PROD-465980E0,CUST-FE78D4C7,2,Had some issues out of the box.,2022-12-21,0
REV-7F40581A,PROD-8FD1797E,CUST-412B9C03,5,Perfect fit and great build quality.,2024-12-16,5
REV-4E21B852,PROD-0637C0D8,CUST-40D88A79,2,"Not as described, expected better.",2024-06-03,17
REV-ABCA38E0,PROD-9D1B6633,CUST-BD4DDF9A,2,Okay but overpriced.,2023-10-14,13
REV-A8BF7388,PROD-0637C0D8,CUST-DC74339F,5,Perfect fit and great build quality.,2024-10-17,44
REV-96414F2C,PROD-D58C3016,CUST-80E21C8B,4,"Solid product, would recommend.",2022-10-02,43
REV-968F2E08,PROD-D58C3016,CUST-D5DD182F,4,"Solid product, would recommend.",2023-06-09,45
REV-0B521953,PROD-A33EDC24,CUST-F24E556E,4,"Solid product, would recommend.",2023-07-18,49
REV-EBD7BC21,PROD-9D1B6633,CUST-70AADADD,4,"Solid product, would recommend.",2023-11-19,15
REV-686D5EE7,PROD-ECFDE58F,CUST-42F4EB75,3,"Average product, nothing special.",2024-02-20,45
REV-EDFA4969,PROD-261E2C48,CUST-8B4822F5,4,Good value for money.,2022-10-20,43
REV-B19856FB,PROD-E24F5BD8,CUST-F90C33D1,4,"Solid product, would recommend.",2024-03-01,12
REV-10092F93,PROD-6D2426CB,CUST-72D241B0,5,Absolutely love it! Best purchase ever.,2024-01-15,4
REV-63E8C45D,PROD-84BE239B,CUST-25760997,5,Absolutely love it! Best purchase ever.,2023-09-13,1
REV-1069F47D,PROD-44834CB1,CUST-4D900DB0,4,"Works as described, happy with it.",2023-08-06,3
REV-34E314DB,PROD-010E83D4,CUST-475DE7C7,5,Absolutely love it! Best purchase ever.,2022-08-24,21
REV-2D5A5151,PROD-BFF3526B,CUST-33186585,1,"Very poor quality, not recommended.",2023-07-12,45
REV-BDBD2ED1,PROD-85AB6E7B,CUST-46004E7A,5,Absolutely love it! Best purchase ever.,2022-07-02,32
REV-80DF0919,PROD-6EA27620,CUST-DC74339F,1,Broke after one week.,2024-04-16,16
REV-6699BEEA,PROD-8EA520A4,CUST-A18299FC,5,Perfect fit and great build quality.,2024-11-01,35
REV-DBBBC789,PROD-F8706B59,CUST-F832D924,5,"Top quality product, fast delivery.",2023-03-23,32
REV-D9074965,PROD-F8706B59,CUST-FC30449B,4,"Solid product, would recommend.",2024-12-02,5
REV-8E933A7A,PROD-677D768A,CUST-D540071F,4,"Solid product, would recommend.",2023-09-27,36
REV-59405E67,PROD-C2BB799F,CUST-3480943B,2,"Not as described, expected better.",2024-12-04,45
REV-0D3E0EB7,PROD-6C8C7B4E,CUST-8116ACAC,4,"Solid product, would recommend.",2024-10-21,18
REV-9F1D3D71,PROD-0E7593BC,CUST-6CABAEC4,4,"Works as described, happy with it.",2022-06-24,13
REV-F1D6FD88,PROD-510DD867,CUST-66FA2F97,2,"Not as described, expected better.",2024-09-14,42
REV-829F075D,PROD-E24F5BD8,CUST-9A4AA13E,4,"Works as described, happy with it.",2023-04-14,25
REV-D81C1690,PROD-53B9F729,CUST-8291D953,4,"Works as described, happy with it.",2024-06-07,31
REV-C682BE36,PROD-9D1B6633,CUST-E0086EED,4,"Very good product, minor packaging issue.",2024-09-08,2
REV-B3B0117D,PROD-8F134EA0,CUST-CC370973,4,"Solid product, would recommend.",2024-04-11,3
REV-F0744488,PROD-51E64CDE,CUST-22090349,2,Disappointed with the quality.,2023-04-24,5
REV-AC414795,PROD-F9231922,CUST-7FB8A938,4,Good value for money.,2023-03-14,13
REV-083C0D96,PROD-510DD867,CUST-1895B133,5,Absolutely love it! Best purchase ever.,2023-07-16,41
REV-D73F1F90,PROD-8FD1797E,CUST-58479D4F,3,Okay for the price.,2023-01-27,20
REV-8D943760,PROD-AB1FF945,CUST-343A463E,5,Exceeded my expectations completely.,2024-09-09,0
REV-4D2571B1,PROD-8FD1797E,CUST-838A7229,2,Disappointed with the quality.,2024-01-25,3
REV-0FA59B40,PROD-963421E3,CUST-B2C80B3C,4,"Works as described, happy with it.",2022-08-07,35
REV-62FA27A5,PROD-AF5D54EE,CUST-F49D95BF,4,"Very good product, minor packaging issue.",2024-09-06,19
REV-580E4182,PROD-6ACBDFF5,CUST-0FDDA671,5,Absolutely love it! Best purchase ever.,2022-11-25,33
REV-C6188034,PROD-F5D61492,CUST-F007DE79,4,Good value for money.,2022-08-06,21
REV-362FFEC4,PROD-963421E3,CUST-0487E461,4,"Works as described, happy with it.",2024-03-01,43
REV-DC9D9804,PROD-F5D61492,CUST-C838AFFE,2,Okay but overpriced.,2024-05-24,14
REV-135EFEFB,PROD-661FE965,CUST-FBC1EF25,4,"Very good product, minor packaging issue.",2023-02-04,49
REV-A3162F58,PROD-C0B127A9,CUST-CF3E83AC,4,"Very good product, minor packaging issue.",2023-11-07,50
REV-1FEB00D2,PROD-E6123478,CUST-1599EF6E,5,Perfect fit and great build quality.,2023-11-15,4
REV-E893337A,PROD-5FE65A3B,CUST-43532D2D,3,Gets the job done but could be better.,2024-12-02,44
REV-D40546E1,PROD-CBD3D5EF,CUST-E4F614E6,5,Absolutely love it! Best purchase ever.,2024-11-09,22
REV-EE29058A,PROD-8B0DE042,CUST-9CF6F0F8,5,Absolutely love it! Best purchase ever.,2022-07-08,22
REV-4558324E,PROD-AB1FF945,CUST-BD4DDF9A,4,"Works as described, happy with it.",2022-06-09,39
REV-B652C995,PROD-E55B2CB4,CUST-F50E08A0,4,"Solid product, would recommend.",2024-02-24,32
REV-718BDFE3,PROD-E6123478,CUST-80E21C8B,3,"Average product, nothing special.",2024-07-04,19
REV-716FB249,PROD-864E4B64,CUST-55450CA1,2,"Not as described, expected better.",2023-09-29,26
REV-331DEC42,PROD-4CA1DF0A,CUST-8A0973CF,5,Absolutely love it! Best purchase ever.,2024-07-15,46
REV-4878C1DC,PROD-99030BD0,CUST-B8E3127B,2,Had some issues out of the box.,2024-05-07,6
REV-50E8C451,PROD-465980E0,CUST-513C4F9A,4,"Works as described, happy with it.",2024-04-04,33
REV-6ECE051C,PROD-AB1FF945,CUST-53646B56,4,"Works as described, happy with it.",2023-08-17,34
REV-42942C8B,PROD-4CA1DF0A,CUST-A35384D9,4,"Very good product, minor packaging issue.",2024-06-16,41
REV-3A84F238,PROD-261E2C48,CUST-0FF25348,4,"Solid product, would recommend.",2022-11-24,37
REV-02DCAF33,PROD-864E4B64,CUST-3A1527AE,3,Gets the job done but could be better.,2023-08-29,32
REV-F6F37823,PROD-A4CCDFA3,CUST-67469594,5,Exceeded my expectations completely.,2023-09-02,41
REV-68100E7D,PROD-A7D1FB77,CUST-873730FB,4,Good value for money.,2022-11-21,11
REV-170D1BCE,PROD-D33AB38C,CUST-9F84CA5D,4,"Very good product, minor packaging issue.",2023-09-18,18
REV-88D76901,PROD-0E7593BC,CUST-6CB94C3B,4,Good value for money.,2024-01-01,34
REV-C50B5361,PROD-8159C0A4,CUST-55178AEF,2,Had some issues out of the box.,2023-10-05,29
REV-E16861AA,PROD-8159C0A4,CUST-507C91CA,3,Gets the job done but could be better.,2023-06-25,18
REV-D8FE7578,PROD-D535BA9E,CUST-F0E511E2,1,Terrible customer support.,2024-06-29,34
REV-53958E35,PROD-1001130C,CUST-C668B17A,1,"Very poor quality, not recommended.",2024-12-27,45
REV-2331793A,PROD-9D1B6633,CUST-AC8C4B83,5,Perfect fit and great build quality.,2022-09-20,49
REV-A7B8AE14,PROD-465980E0,CUST-1E6DE170,4,"Works as described, happy with it.",2024-01-07,4
REV-27BA6E39,PROD-E6123478,CUST-CE69E91F,5,"Top quality product, fast delivery.",2024-11-05,25
REV-C5E67DAC,PROD-71C4E5EF,CUST-CF3E83AC,4,"Solid product, would recommend.",2022-08-22,41
REV-67F7AB9E,PROD-C22492DC,CUST-3484D4C7,2,Had some issues out of the box.,2022-07-11,3
REV-6774CFC5,PROD-E24F5BD8,CUST-0EEE8D5B,5,Absolutely love it! Best purchase ever.,2022-06-05,45
REV-18BB93F4,PROD-53B9F729,CUST-FBC98D3B,4,"Works as described, happy with it.",2023-11-18,28
REV-BBC3F151,PROD-99030BD0,CUST-DC74339F,4,"Solid product, would recommend.",2022-07-21,40
REV-829171C3,PROD-17DF18B5,CUST-0EEE8D5B,3,Okay for the price.,2024-01-25,12
REV-DEA13C5D,PROD-677D768A,CUST-EEB165DD,1,Broke after one week.,2023-05-15,40
REV-B93A85DC,PROD-1013CB12,CUST-0AAE5BC2,1,"Very poor quality, not recommended.",2023-10-19,17
REV-765AA41C,PROD-17DF18B5,CUST-3ED766FE,3,Decent quality.,2022-10-31,11
REV-4EA92538,PROD-D535BA9E,CUST-F918A4C0,3,Okay for the price.,2024-09-18,7
REV-69637C40,PROD-17DF18B5,CUST-3480943B,4,"Works as described, happy with it.",2024-11-24,2
REV-D36680DF,PROD-510DD867,CUST-8FB674DF,1,Broke after one week.,2022-06-21,8
REV-EF54BA4A,PROD-6EFF520C,CUST-FF04FDC2,5,Perfect fit and great build quality.,2024-03-28,45
REV-A49CE248,PROD-53B9F729,CUST-BD75547B,4,"Solid product, would recommend.",2023-06-08,15
REV-F1E660A7,PROD-44834CB1,CUST-A35384D9,4,Good value for money.,2023-10-20,50
REV-C09E638B,PROD-66419DA1,CUST-0564801A,4,"Solid product, would recommend.",2024-04-10,38
REV-FDC415DE,PROD-6C8C7B4E,CUST-B6C8F29D,4,"Solid product, would recommend.",2023-02-17,3
REV-DD01BAC6,PROD-0E06F972,CUST-17667E04,5,Perfect fit and great build quality.,2024-08-16,13
REV-157ABCC8,PROD-97EA55D8,CUST-39455AAA,4,Good value for money.,2023-01-11,16
REV-B8983B23,PROD-3AD6D727,CUST-90B48E41,3,Gets the job done but could be better.,2024-04-02,27
REV-2348FB4D,PROD-6ACBDFF5,CUST-D98229A7,5,Perfect fit and great build quality.,2023-05-29,32
REV-BCF52901,PROD-ECFDE58F,CUST-4C5B4121,3,Okay for the price.,2024-08-14,18
REV-8C93B68E,PROD-F5D61492,CUST-89DB5891,4,Good value for money.,2024-04-01,35
REV-906D54E0,PROD-261E2C48,CUST-F2A63230,5,Perfect fit and great build quality.,2024-09-30,31
REV-02E3D636,PROD-A7D1FB77,CUST-28EF754F,3,Decent quality.,2023-11-13,20
REV-FAE43B2E,PROD-1001130C,CUST-7F4354A9,3,Gets the job done but could be better.,2023-09-28,23
REV-7639F16C,PROD-187B16A7,CUST-C668B17A,4,Good value for money.,2023-02-05,10
REV-18AF867B,PROD-6C8C7B4E,CUST-81E26740,5,Exceeded my expectations completely.,2024-04-03,41
REV-B2889A21,PROD-84BE239B,CUST-9B97F9A4,3,Gets the job done but could be better.,2024-02-02,44
REV-36553577,PROD-6ACBDFF5,CUST-6354CD9F,3,Decent quality.,2022-06-25,48
REV-530F3D10,PROD-C22492DC,CUST-90D330DE,5,Absolutely love it! Best purchase ever.,2023-06-05,46
REV-AB5AC44D,PROD-6EFF520C,CUST-BEEB0CF1,1,Terrible customer support.,2023-07-16,29
REV-8615E95F,PROD-6A13D41F,CUST-0ADB45D4,3,Gets the job done but could be better.,2022-12-19,17
REV-05151F87,PROD-D33AB38C,CUST-377CE8B7,3,Okay for the price.,2024-01-02,2
REV-68ED252E,PROD-928A2A8B,CUST-38C74BFA,4,"Solid product, would recommend.",2024-12-15,9
REV-AC76BA87,PROD-F42CBE35,CUST-13634CDC,5,"Top quality product, fast delivery.",2024-03-12,50
REV-F80427D8,PROD-187B16A7,CUST-28FF33A3,5,Absolutely love it! Best purchase ever.,2022-08-04,26
REV-436B3549,PROD-F9231922,CUST-1889F4DE,2,Disappointed with the quality.,2023-05-29,2
REV-F0C18569,PROD-187B16A7,CUST-D2C85F1F,4,Good value for money.,2022-06-24,42
REV-39551E04,PROD-F9231922,CUST-80E21C8B,3,Decent quality.,2023-01-01,21
REV-D5BD2A51,PROD-3AD6D727,CUST-00A64FF6,3,Gets the job done but could be better.,2024-02-01,16
REV-4ED1AE12,PROD-F5D61492,CUST-29051638,5,Exceeded my expectations completely.,2024-07-08,31
REV-389FA017,PROD-010E83D4,CUST-73F73EE6,4,"Very good product, minor packaging issue.",2024-08-25,46
REV-2A8634F5,PROD-BFF3526B,CUST-C8CC57BD,5,Exceeded my expectations completely.,2023-01-31,42
REV-B5BAEA87,PROD-1001130C,CUST-8C01EDA4,4,"Works as described, happy with it.",2023-07-16,22
REV-DD01EDDC,PROD-CBD3D5EF,CUST-873730FB,3,Decent quality.,2022-10-31,35
REV-AFC7F18C,PROD-51E64CDE,CUST-FF04FDC2,4,"Works as described, happy with it.",2024-09-03,42
REV-FFA15D37,PROD-0637C0D8,CUST-B33CCF95,3,Decent quality.,2023-10-21,14
REV-96351BAF,PROD-7D011775,CUST-3A040905,4,Good value for money.,2023-05-23,18
REV-C16673D0,PROD-31695DC7,CUST-66CCB242,3,Gets the job done but could be better.,2022-07-12,38
REV-64A5ACE5,PROD-31695DC7,CUST-25DE3C56,5,Exceeded my expectations completely.,2023-04-28,6
REV-EA3317F8,PROD-97EA55D8,CUST-B0874519,2,Okay but overpriced.,2023-04-17,48
REV-4EAD68F3,PROD-CBD3D5EF,CUST-C89E76BB,4,"Very good product, minor packaging issue.",2024-07-23,26
REV-BAFE7EA3,PROD-6D2426CB,CUST-9DC339E6,2,Disappointed with the quality.,2023-07-31,29
REV-47DDDD96,PROD-0CC2B486,CUST-E57B9FE0,3,Gets the job done but could be better.,2022-09-06,8
REV-B4B80356,PROD-9A5F63AA,CUST-C3BABFE9,5,Perfect fit and great build quality.,2023-06-19,27
REV-D82CB800,PROD-C0B127A9,CUST-388803BB,5,Perfect fit and great build quality.,2023-02-19,6
REV-C80A07EC,PROD-864E4B64,CUST-0371CE4A,3,Decent quality.,2023-11-21,7
REV-4BD25CA7,PROD-0CC2B486,CUST-0AAE5BC2,4,"Works as described, happy with it.",2022-06-15,37
REV-302A9135,PROD-8FD1797E,CUST-FBC1EF25,4,"Works as described, happy with it.",2022-08-25,38
REV-CBAD1681,PROD-0E7593BC,CUST-CC370973,5,Exceeded my expectations completely.,2024-02-24,38
REV-32E55A19,PROD-E24CB8A4,CUST-68B2CD79,3,Gets the job done but could be better.,2022-07-31,19
REV-02176D7C,PROD-010E83D4,CUST-8D0B72D2,3,Okay for the price.,2024-12-26,8
REV-52221889,PROD-661FE965,CUST-9FDA4D01,5,Exceeded my expectations completely.,2024-04-23,6
REV-68A2E7EF,PROD-AB1FF945,CUST-90B48E41,5,Exceeded my expectations completely.,2024-09-25,49
REV-003DD0AD,PROD-F9231922,CUST-021C42B9,4,"Very good product, minor packaging issue.",2023-04-12,32
REV-E5F79C40,PROD-71C4E5EF,CUST-F6D19C4F,3,Decent quality.,2024-03-27,9
REV-302EC9FC,PROD-7DFE211B,CUST-C3B49F47,2,"Not as described, expected better.",2023-07-16,19
REV-7CB935E9,PROD-8F134EA0,CUST-0D4F229C,4,"Works as described, happy with it.",2024-08-13,46
REV-2AD01BA3,PROD-84BE239B,CUST-6F337490,3,Okay for the price.,2023-09-26,23
REV-19C36677,PROD-0CC2B486,CUST-B1E36108,5,Perfect fit and great build quality.,2022-12-07,38
REV-CD8E9D6E,PROD-AF5D54EE,CUST-447BBE96,4,Good value for money.,2023-03-27,37
REV-34B93949,PROD-44834CB1,CUST-E1B5E26D,1,Terrible customer support.,2022-12-16,5
REV-030257A9,PROD-E55B2CB4,CUST-8A0973CF,4,Good value for money.,2023-02-10,27
REV-BAB5CCB9,PROD-7DFE211B,CUST-5D15A25C,5,Absolutely love it! Best purchase ever.,2024-11-24,2
REV-A45EB506,PROD-261E2C48,CUST-5661177D,4,"Solid product, would recommend.",2023-10-09,7
REV-B8962CCF,PROD-677D768A,CUST-8BC7A310,4,"Very good product, minor packaging issue.",2023-07-23,9
REV-74C1B291,PROD-AF5D54EE,CUST-5A25A025,4,"Solid product, would recommend.",2024-02-10,8
REV-49A0DAF1,PROD-8EA520A4,CUST-A9ECD251,4,"Very good product, minor packaging issue.",2024-12-18,28
REV-1E83C3A8,PROD-261E2C48,CUST-A951D4A5,3,"Average product, nothing special.",2024-10-10,27
REV-B5900B31,PROD-A80DF571,CUST-E523465B,2,Disappointed with the quality.,2024-06-18,32
REV-60C6CA1A,PROD-3CD1952C,CUST-7AA1330B,4,"Works as described, happy with it.",2022-09-09,37
REV-C1076F91,PROD-A7D1FB77,CUST-7E51E448,4,"Very good product, minor packaging issue.",2024-08-14,20
REV-1298251D,PROD-CBD3D5EF,CUST-9FDAD264,4,"Solid product, would recommend.",2022-09-25,49
REV-E65F558E,PROD-E6123478,CUST-DDDEB6F6,1,Complete waste of money.,2023-10-13,0
REV-8FE2FC36,PROD-9D1B6633,CUST-32E45AA6,4,"Very good product, minor packaging issue.",2023-06-18,12
REV-63D9F266,PROD-66419DA1,CUST-14ECD596,2,Disappointed with the quality.,2022-06-11,11
REV-6F45F544,PROD-51E64CDE,CUST-7D85C9E2,1,Broke after one week.,2023-12-26,31
REV-D97974F7,PROD-8D72CF50,CUST-0E393329,4,"Works as described, happy with it.",2024-07-02,19
REV-65E2C261,PROD-8FD1797E,CUST-5DDBF054,4,Good value for money.,2023-10-29,25
REV-6A26993E,PROD-A7D1FB77,CUST-A2F542FF,4,"Works as described, happy with it.",2024-03-26,49
REV-F3C27872,PROD-6A13D41F,CUST-F50E08A0,1,Broke after one week.,2023-03-07,26
REV-90ECDE7E,PROD-CBD3D5EF,CUST-B6C8F29D,4,Good value for money.,2023-04-01,40
REV-37A99137,PROD-8F134EA0,CUST-8701EFC9,2,Had some issues out of the box.,2023-12-07,32
REV-785CA556,PROD-E24CB8A4,CUST-0E393329,2,"Not as described, expected better.",2024-09-28,35
REV-74C0AD4E,PROD-928A2A8B,CUST-E788F0A0,4,"Very good product, minor packaging issue.",2022-07-20,48
REV-992ECADE,PROD-84BE239B,CUST-C8E8D38C,3,Decent quality.,2023-06-20,3
REV-C56898AB,PROD-C22492DC,CUST-3D9FD030,2,"Not as described, expected better.",2022-06-03,6
REV-5CD129AD,PROD-7D011775,CUST-3449F549,3,Decent quality.,2024-08-24,15
REV-BEA99573,PROD-7D011775,CUST-9C385E3B,3,Okay for the price.,2024-05-02,46
REV-5B6F5CF1,PROD-60974ED2,CUST-10355B4F,2,Disappointed with the quality.,2024-06-11,49
REV-DEF946C9,PROD-8B0DE042,CUST-D4475EDD,4,"Very good product, minor packaging issue.",2023-01-30,34
REV-79F7FAF9,PROD-71C4E5EF,CUST-4FA9C658,4,"Solid product, would recommend.",2023-02-07,47
REV-CE982D24,PROD-6A13D41F,CUST-78931E5D,4,Good value for money.,2024-03-25,31
REV-BA20010A,PROD-6D2426CB,CUST-85C71857,4,"Very good product, minor packaging issue.",2022-06-24,22
REV-922AFBE1,PROD-C2BB799F,CUST-C89E76BB,2,Disappointed with the quality.,2024-08-08,3
REV-7D693EB4,PROD-6A13D41F,CUST-92771CD0,5,Absolutely love it! Best purchase ever.,2023-08-19,15
REV-8F1AD241,PROD-E24F5BD8,CUST-9B97F9A4,3,"Average product, nothing special.",2024-08-22,41
REV-40CB329B,PROD-D33AB38C,CUST-8BC7A310,4,"Very good product, minor packaging issue.",2022-12-02,13
REV-E9C5EB2F,PROD-DF356D3A,CUST-568656F5,4,"Very good product, minor packaging issue.",2024-07-23,7
REV-77FA0320,PROD-CD51CEBB,CUST-8EB3361A,5,Absolutely love it! Best purchase ever.,2024-02-28,16
REV-AEB20824,PROD-97EA55D8,CUST-8FEA6987,5,"Top quality product, fast delivery.",2023-06-08,26
REV-A913E4BA,PROD-8F134EA0,CUST-5EF47699,4,"Solid product, would recommend.",2023-05-19,21
REV-C49E829D,PROD-AF5D54EE,CUST-3DFF790B,4,"Works as described, happy with it.",2023-09-08,27
REV-0464D357,PROD-0E7593BC,CUST-963FC8F1,4,"Solid product, would recommend.",2024-06-21,43
REV-7115CC9A,PROD-1013CB12,CUST-608CF5C8,5,Perfect fit and great build quality.,2024-07-08,9
REV-F75B527E,PROD-0E7593BC,CUST-25DE3C56,5,"Top quality product, fast delivery.",2023-07-16,6
REV-44A6C229,PROD-6EA27620,CUST-6CF7373B,2,Had some issues out of the box.,2024-08-03,28
REV-F8B20704,PROD-1001130C,CUST-568656F5,4,Good value for money.,2023-10-20,13
REV-6F57264A,PROD-E55B2CB4,CUST-9DC339E6,4,"Solid product, would recommend.",2024-07-05,18
REV-BEE32641,PROD-F2B52A80,CUST-71713398,5,Exceeded my expectations completely.,2023-01-09,43
REV-C191EC13,PROD-44834CB1,CUST-99577116,4,"Solid product, would recommend.",2022-08-10,19
REV-291C8100,PROD-A7D1FB77,CUST-DB2BA6E7,3,Gets the job done but could be better.,2022-11-28,31
REV-F2D6BA09,PROD-AB1FF945,CUST-0D40C85A,4,Good value for money.,2024-04-27,7
REV-1B6AAB1A,PROD-CBD3D5EF,CUST-DA5A94B3,2,Disappointed with the quality.,2024-05-01,19
REV-E5F41965,PROD-677D768A,CUST-36A794A2,3,Okay for the price.,2023-03-30,32
REV-51912A6C,PROD-963421E3,CUST-513C4F9A,3,Gets the job done but could be better.,2022-12-30,26
REV-F7B68C54,PROD-1001130C,CUST-F6DA48E5,3,Decent quality.,2023-07-03,20
REV-47E6D72E,PROD-A297628B,CUST-6803B1B9,4,"Solid product, would recommend.",2022-06-23,13
REV-84B97787,PROD-F9231922,CUST-1B66EA03,4,"Works as described, happy with it.",2022-06-04,1
REV-874DAB14,PROD-8B0DE042,CUST-32882E29,3,Okay for the price.,2023-07-17,46
REV-CC4C3EED,PROD-31695DC7,CUST-6CF7373B,3,Decent quality.,2024-01-12,11
REV-E5EA8FE8,PROD-8F134EA0,CUST-1B66EA03,5,Absolutely love it! Best purchase ever.,2024-04-08,41
REV-F142C137,PROD-8FD1797E,CUST-3480943B,3,Decent quality.,2024-02-03,14
REV-17BDA768,PROD-F2B52A80,CUST-CC1B13F4,3,Decent quality.,2022-07-22,24
REV-69DFCDC1,PROD-8F134EA0,CUST-70A3C4C0,5,Absolutely love it! Best purchase ever.,2022-08-23,34
REV-F757D77A,PROD-DADF29A3,CUST-95E92DA5,4,"Works as described, happy with it.",2023-03-15,30
REV-87C35D7E,PROD-D535BA9E,CUST-CC370973,2,Disappointed with the quality.,2023-12-02,7
REV-819513C4,PROD-CD51CEBB,CUST-F24E556E,4,"Solid product, would recommend.",2024-03-29,3
REV-9E5E3C8E,PROD-465980E0,CUST-F007DE79,5,Perfect fit and great build quality.,2023-11-21,39
REV-82E39F26,PROD-ABEABAEB,CUST-F135F62A,5,"Top quality product, fast delivery.",2024-09-30,36
REV-FF121FF4,PROD-44834CB1,CUST-B12BD511,4,"Solid product, would recommend.",2024-03-01,38
REV-C4401D26,PROD-261E2C48,CUST-75E094B9,2,"Not as described, expected better.",2022-09-18,31
REV-FE9242DB,PROD-66419DA1,CUST-D92E4C5B,2,Had some issues out of the box.,2024-08-18,21
REV-ACBF97D6,PROD-4CA1DF0A,CUST-2FA161D2,5,Absolutely love it! Best purchase ever.,2023-12-19,39
REV-F9CDA250,PROD-677D768A,CUST-05794BDD,4,"Very good product, minor packaging issue.",2023-08-18,4
REV-DBB7D6E0,PROD-9A5F63AA,CUST-F918A4C0,4,"Works as described, happy with it.",2022-09-05,26
REV-F9DD02D7,PROD-BFF3526B,CUST-3449F549,3,Gets the job done but could be better.,2023-06-11,22
REV-C5CE0956,PROD-6EFF520C,CUST-899211E8,4,"Solid product, would recommend.",2022-09-14,26
REV-799A3A71,PROD-D33AB38C,CUST-2016BC41,4,"Works as described, happy with it.",2023-10-13,35
REV-5A1F3373,PROD-71C4E5EF,CUST-E1AFF3AB,4,"Works as described, happy with it.",2023-11-21,44
REV-4E63E6DD,PROD-CD51CEBB,CUST-0E393329,5,Absolutely love it! Best purchase ever.,2023-07-07,33
REV-1FC2A2AF,PROD-C0B127A9,CUST-C89E76BB,5,Absolutely love it! Best purchase ever.,2022-09-25,48
REV-FA79B621,PROD-6A13D41F,CUST-2A58C8F6,3,"Average product, nothing special.",2023-08-11,31
REV-3FB8B352,PROD-C0B127A9,CUST-DA0E116D,3,Gets the job done but could be better.,2023-01-14,44
REV-CCA172D0,PROD-790E63A6,CUST-977374FB,3,Okay for the price.,2022-08-18,30
REV-72377BC0,PROD-DF356D3A,CUST-70A90294,4,Good value for money.,2024-01-14,2
REV-5E65A262,PROD-F2B52A80,CUST-F8FAA68C,5,Absolutely love it! Best purchase ever.,2023-02-04,30
REV-1B05BAF3,PROD-963421E3,CUST-F2283C2B,4,Good value for money.,2023-06-16,33
REV-06696693,PROD-1013CB12,CUST-5D15A25C,5,"Top quality product, fast delivery.",2024-05-12,26
REV-6F89562B,PROD-0E7593BC,CUST-D4F8E1A0,5,Absolutely love it! Best purchase ever.,2022-11-04,30
REV-453812A0,PROD-AB1FF945,CUST-F50E08A0,5,Exceeded my expectations completely.,2022-10-27,20
REV-06B18EBF,PROD-8EA520A4,CUST-E2080DB5,5,Perfect fit and great build quality.,2024-09-06,17
REV-A95177D7,PROD-963421E3,CUST-FDFC002F,2,"Not as described, expected better.",2023-04-27,35
REV-30519AFA,PROD-3AD6D727,CUST-63A40671,5,"Top quality product, fast delivery.",2024-09-30,31
REV-885F0E0F,PROD-6EFF520C,CUST-FF04FDC2,5,Absolutely love it! Best purchase ever.,2024-09-16,45
REV-A3286877,PROD-D535BA9E,CUST-085AF52B,5,Absolutely love it! Best purchase ever.,2022-10-03,44
REV-61E0866A,PROD-F5D61492,CUST-68411D62,4,Good value for money.,2023-06-02,16
REV-8E3ED550,PROD-F8706B59,CUST-4ADE8457,2,Okay but overpriced.,2023-04-22,14
REV-9F8C2FBA,PROD-60974ED2,CUST-F637CE5E,2,Disappointed with the quality.,2024-02-08,15
